start,n_bookings,n_rentals,timestamp,week_day,business,weekend,holiday,week,hour
2016-12-10 00:00:00,55,63,1481328000.0,5,False,True,False,49,0
2016-12-10 01:00:00,41,47,1481331600.0,5,False,True,False,49,1
2016-12-10 02:00:00,33,40,1481335200.0,5,False,True,False,49,2
2016-12-10 03:00:00,15,17,1481338800.0,5,False,True,False,49,3
2016-12-10 04:00:00,16,18,1481342400.0,5,False,True,False,49,4
2016-12-10 05:00:00,12,13,1481346000.0,5,False,True,False,49,5
2016-12-10 06:00:00,13,14,1481349600.0,5,False,True,False,49,6
2016-12-10 07:00:00,24,28,1481353200.0,5,False,True,False,49,7
2016-12-10 08:00:00,42,51,1481356800.0,5,False,True,False,49,8
2016-12-10 09:00:00,58,68,1481360400.0,5,False,True,False,49,9
2016-12-10 10:00:00,57,75,1481364000.0,5,False,True,False,49,10
2016-12-10 11:00:00,78,91,1481367600.0,5,False,True,False,49,11
2016-12-10 12:00:00,79,97,1481371200.0,5,False,True,False,49,12
2016-12-10 13:00:00,32,60,1481374800.0,5,False,True,False,49,13
2016-12-10 14:00:00,0,3,1481378400.0,5,False,True,False,49,14
2016-12-10 15:00:00,0,0,1481382000.0,5,False,True,False,49,15
2016-12-10 16:00:00,0,0,1481385600.0,5,False,True,False,49,16
2016-12-10 17:00:00,0,8,1481389200.0,5,False,True,False,49,17
2016-12-10 18:00:00,20,21,1481392800.0,5,False,True,False,49,18
2016-12-10 19:00:00,60,70,1481396400.0,5,False,True,False,49,19
2016-12-10 20:00:00,71,77,1481400000.0,5,False,True,False,49,20
2016-12-10 21:00:00,53,64,1481403600.0,5,False,True,False,49,21
2016-12-10 22:00:00,50,60,1481407200.0,5,False,True,False,49,22
2016-12-10 23:00:00,83,95,1481410800.0,5,False,True,False,49,23
2016-12-11 00:00:00,90,108,1481414400.0,6,False,True,False,49,0
2016-12-11 01:00:00,95,104,1481418000.0,6,False,True,False,49,1
2016-12-11 02:00:00,63,79,1481421600.0,6,False,True,False,49,2
2016-12-11 03:00:00,76,94,1481425200.0,6,False,True,False,49,3
2016-12-11 04:00:00,73,84,1481428800.0,6,False,True,False,49,4
2016-12-11 05:00:00,61,72,1481432400.0,6,False,True,False,49,5
2016-12-11 06:00:00,45,55,1481436000.0,6,False,True,False,49,6
2016-12-11 07:00:00,34,40,1481439600.0,6,False,True,False,49,7
2016-12-11 08:00:00,15,20,1481443200.0,6,False,True,False,49,8
2016-12-11 09:00:00,13,17,1481446800.0,6,False,True,False,49,9
2016-12-11 10:00:00,14,20,1481450400.0,6,False,True,False,49,10
2016-12-11 11:00:00,8,13,1481454000.0,6,False,True,False,49,11
2016-12-11 12:00:00,18,21,1481457600.0,6,False,True,False,49,12
2016-12-11 13:00:00,25,29,1481461200.0,6,False,True,False,49,13
2016-12-11 14:00:00,32,39,1481464800.0,6,False,True,False,49,14
2016-12-11 15:00:00,53,58,1481468400.0,6,False,True,False,49,15
2016-12-11 16:00:00,88,109,1481472000.0,6,False,True,False,49,16
2016-12-11 17:00:00,89,122,1481475600.0,6,False,True,False,49,17
2016-12-11 18:00:00,81,96,1481479200.0,6,False,True,False,49,18
2016-12-11 19:00:00,86,116,1481482800.0,6,False,True,False,49,19
2016-12-11 20:00:00,55,87,1481486400.0,6,False,True,False,49,20
2016-12-11 21:00:00,88,129,1481490000.0,6,False,True,False,49,21
2016-12-11 22:00:00,148,188,1481493600.0,6,False,True,False,49,22
2016-12-11 23:00:00,117,144,1481497200.0,6,False,True,False,49,23
2016-12-12 00:00:00,48,63,1481500800.0,0,True,False,False,50,0
2016-12-12 01:00:00,56,84,1481504400.0,0,True,False,False,50,1
2016-12-12 02:00:00,15,18,1481508000.0,0,True,False,False,50,2
2016-12-12 03:00:00,4,9,1481511600.0,0,True,False,False,50,3
2016-12-12 04:00:00,4,4,1481515200.0,0,True,False,False,50,4
2016-12-12 05:00:00,20,27,1481518800.0,0,True,False,False,50,5
2016-12-12 06:00:00,23,34,1481522400.0,0,True,False,False,50,6
2016-12-12 07:00:00,78,102,1481526000.0,0,True,False,False,50,7
2016-12-12 08:00:00,128,150,1481529600.0,0,True,False,False,50,8
2016-12-12 09:00:00,111,126,1481533200.0,0,True,False,False,50,9
2016-12-12 10:00:00,77,90,1481536800.0,0,True,False,False,50,10
2016-12-12 11:00:00,93,110,1481540400.0,0,True,False,False,50,11
2016-12-12 12:00:00,95,112,1481544000.0,0,True,False,False,50,12
2016-12-12 13:00:00,99,135,1481547600.0,0,True,False,False,50,13
2016-12-12 14:00:00,102,143,1481551200.0,0,True,False,False,50,14
2016-12-12 15:00:00,102,133,1481554800.0,0,True,False,False,50,15
2016-12-12 16:00:00,105,139,1481558400.0,0,True,False,False,50,16
2016-12-12 17:00:00,137,162,1481562000.0,0,True,False,False,50,17
2016-12-12 18:00:00,149,173,1481565600.0,0,True,False,False,50,18
2016-12-12 19:00:00,123,150,1481569200.0,0,True,False,False,50,19
2016-12-12 20:00:00,101,122,1481572800.0,0,True,False,False,50,20
2016-12-12 21:00:00,71,82,1481576400.0,0,True,False,False,50,21
2016-12-12 22:00:00,69,78,1481580000.0,0,True,False,False,50,22
2016-12-12 23:00:00,68,76,1481583600.0,0,True,False,False,50,23
2016-12-13 00:00:00,46,57,1481587200.0,1,True,False,False,50,0
2016-12-13 01:00:00,24,29,1481590800.0,1,True,False,False,50,1
2016-12-13 02:00:00,11,14,1481594400.0,1,True,False,False,50,2
2016-12-13 03:00:00,5,5,1481598000.0,1,True,False,False,50,3
2016-12-13 04:00:00,7,7,1481601600.0,1,True,False,False,50,4
2016-12-13 05:00:00,20,21,1481605200.0,1,True,False,False,50,5
2016-12-13 06:00:00,35,42,1481608800.0,1,True,False,False,50,6
2016-12-13 07:00:00,70,92,1481612400.0,1,True,False,False,50,7
2016-12-13 08:00:00,152,190,1481616000.0,1,True,False,False,50,8
2016-12-13 09:00:00,130,174,1481619600.0,1,True,False,False,50,9
2016-12-13 10:00:00,85,168,1481623200.0,1,True,False,False,50,10
2016-12-13 11:00:00,87,110,1481626800.0,1,True,False,False,50,11
2016-12-13 12:00:00,112,174,1481630400.0,1,True,False,False,50,12
2016-12-13 13:00:00,112,141,1481634000.0,1,True,False,False,50,13
2016-12-13 14:00:00,113,129,1481637600.0,1,True,False,False,50,14
2016-12-13 15:00:00,131,150,1481641200.0,1,True,False,False,50,15
2016-12-13 16:00:00,111,134,1481644800.0,1,True,False,False,50,16
2016-12-13 17:00:00,120,147,1481648400.0,1,True,False,False,50,17
2016-12-13 18:00:00,164,188,1481652000.0,1,True,False,False,50,18
2016-12-13 19:00:00,149,177,1481655600.0,1,True,False,False,50,19
2016-12-13 20:00:00,102,125,1481659200.0,1,True,False,False,50,20
2016-12-13 21:00:00,76,96,1481662800.0,1,True,False,False,50,21
2016-12-13 22:00:00,75,87,1481666400.0,1,True,False,False,50,22
2016-12-13 23:00:00,59,76,1481670000.0,1,True,False,False,50,23
2016-12-14 00:00:00,48,54,1481673600.0,2,True,False,False,50,0
2016-12-14 01:00:00,23,24,1481677200.0,2,True,False,False,50,1
2016-12-14 02:00:00,16,18,1481680800.0,2,True,False,False,50,2
2016-12-14 03:00:00,6,7,1481684400.0,2,True,False,False,50,3
2016-12-14 04:00:00,5,8,1481688000.0,2,True,False,False,50,4
2016-12-14 05:00:00,16,19,1481691600.0,2,True,False,False,50,5
2016-12-14 06:00:00,33,39,1481695200.0,2,True,False,False,50,6
2016-12-14 07:00:00,77,104,1481698800.0,2,True,False,False,50,7
2016-12-14 08:00:00,196,237,1481702400.0,2,True,False,False,50,8
2016-12-14 09:00:00,131,157,1481706000.0,2,True,False,False,50,9
2016-12-14 10:00:00,88,200,1481709600.0,2,True,False,False,50,10
2016-12-14 11:00:00,113,141,1481713200.0,2,True,False,False,50,11
2016-12-14 12:00:00,120,176,1481716800.0,2,True,False,False,50,12
2016-12-14 13:00:00,127,151,1481720400.0,2,True,False,False,50,13
2016-12-14 14:00:00,117,151,1481724000.0,2,True,False,False,50,14
2016-12-14 15:00:00,100,123,1481727600.0,2,True,False,False,50,15
2016-12-14 16:00:00,118,143,1481731200.0,2,True,False,False,50,16
2016-12-14 17:00:00,125,163,1481734800.0,2,True,False,False,50,17
2016-12-14 18:00:00,172,211,1481738400.0,2,True,False,False,50,18
2016-12-14 19:00:00,144,172,1481742000.0,2,True,False,False,50,19
2016-12-14 20:00:00,133,148,1481745600.0,2,True,False,False,50,20
2016-12-14 21:00:00,90,104,1481749200.0,2,True,False,False,50,21
2016-12-14 22:00:00,83,98,1481752800.0,2,True,False,False,50,22
2016-12-14 23:00:00,81,91,1481756400.0,2,True,False,False,50,23
2016-12-15 00:00:00,71,88,1481760000.0,3,True,False,False,50,0
2016-12-15 01:00:00,31,101,1481763600.0,3,True,False,False,50,1
2016-12-15 02:00:00,21,28,1481767200.0,3,True,False,False,50,2
2016-12-15 03:00:00,4,4,1481770800.0,3,True,False,False,50,3
2016-12-15 04:00:00,11,14,1481774400.0,3,True,False,False,50,4
2016-12-15 05:00:00,16,27,1481778000.0,3,True,False,False,50,5
2016-12-15 06:00:00,32,35,1481781600.0,3,True,False,False,50,6
2016-12-15 07:00:00,95,119,1481785200.0,3,True,False,False,50,7
2016-12-15 08:00:00,163,208,1481788800.0,3,True,False,False,50,8
2016-12-15 09:00:00,144,176,1481792400.0,3,True,False,False,50,9
2016-12-15 10:00:00,85,120,1481796000.0,3,True,False,False,50,10
2016-12-15 11:00:00,95,120,1481799600.0,3,True,False,False,50,11
2016-12-15 12:00:00,104,136,1481803200.0,3,True,False,False,50,12
2016-12-15 13:00:00,121,135,1481806800.0,3,True,False,False,50,13
2016-12-15 14:00:00,120,145,1481810400.0,3,True,False,False,50,14
2016-12-15 15:00:00,120,137,1481814000.0,3,True,False,False,50,15
2016-12-15 16:00:00,120,146,1481817600.0,3,True,False,False,50,16
2016-12-15 17:00:00,151,180,1481821200.0,3,True,False,False,50,17
2016-12-15 18:00:00,157,184,1481824800.0,3,True,False,False,50,18
2016-12-15 19:00:00,157,187,1481828400.0,3,True,False,False,50,19
2016-12-15 20:00:00,141,160,1481832000.0,3,True,False,False,50,20
2016-12-15 21:00:00,95,116,1481835600.0,3,True,False,False,50,21
2016-12-15 22:00:00,76,96,1481839200.0,3,True,False,False,50,22
2016-12-15 23:00:00,75,95,1481842800.0,3,True,False,False,50,23
2016-12-16 00:00:00,72,90,1481846400.0,4,True,False,False,50,0
2016-12-16 01:00:00,40,50,1481850000.0,4,True,False,False,50,1
2016-12-16 02:00:00,20,21,1481853600.0,4,True,False,False,50,2
2016-12-16 03:00:00,6,10,1481857200.0,4,True,False,False,50,3
2016-12-16 04:00:00,5,5,1481860800.0,4,True,False,False,50,4
2016-12-16 05:00:00,17,19,1481864400.0,4,True,False,False,50,5
2016-12-16 06:00:00,28,34,1481868000.0,4,True,False,False,50,6
2016-12-16 07:00:00,93,112,1481871600.0,4,True,False,False,50,7
2016-12-16 08:00:00,173,215,1481875200.0,4,True,False,False,50,8
2016-12-16 09:00:00,158,190,1481878800.0,4,True,False,False,50,9
2016-12-16 10:00:00,115,133,1481882400.0,4,True,False,False,50,10
2016-12-16 11:00:00,103,124,1481886000.0,4,True,False,False,50,11
2016-12-16 12:00:00,123,147,1481889600.0,4,True,False,False,50,12
2016-12-16 13:00:00,114,133,1481893200.0,4,True,False,False,50,13
2016-12-16 14:00:00,137,152,1481896800.0,4,True,False,False,50,14
2016-12-16 15:00:00,123,142,1481900400.0,4,True,False,False,50,15
2016-12-16 16:00:00,125,151,1481904000.0,4,True,False,False,50,16
2016-12-16 17:00:00,158,182,1481907600.0,4,True,False,False,50,17
2016-12-16 18:00:00,195,257,1481911200.0,4,True,False,False,50,18
2016-12-16 19:00:00,218,268,1481914800.0,4,True,False,False,50,19
2016-12-16 20:00:00,195,235,1481918400.0,4,True,False,False,50,20
2016-12-16 21:00:00,109,133,1481922000.0,4,True,False,False,50,21
2016-12-16 22:00:00,100,124,1481925600.0,4,True,False,False,50,22
2016-12-16 23:00:00,105,128,1481929200.0,4,True,False,False,50,23
2016-12-17 00:00:00,97,116,1481932800.0,5,False,True,False,50,0
2016-12-17 01:00:00,74,91,1481936400.0,5,False,True,False,50,1
2016-12-17 02:00:00,41,55,1481940000.0,5,False,True,False,50,2
2016-12-17 03:00:00,34,46,1481943600.0,5,False,True,False,50,3
2016-12-17 04:00:00,27,39,1481947200.0,5,False,True,False,50,4
2016-12-17 05:00:00,25,31,1481950800.0,5,False,True,False,50,5
2016-12-17 06:00:00,24,29,1481954400.0,5,False,True,False,50,6
2016-12-17 07:00:00,30,36,1481958000.0,5,False,True,False,50,7
2016-12-17 08:00:00,68,77,1481961600.0,5,False,True,False,50,8
2016-12-17 09:00:00,69,93,1481965200.0,5,False,True,False,50,9
2016-12-17 10:00:00,102,113,1481968800.0,5,False,True,False,50,10
2016-12-17 11:00:00,103,129,1481972400.0,5,False,True,False,50,11
2016-12-17 12:00:00,109,122,1481976000.0,5,False,True,False,50,12
2016-12-17 13:00:00,116,133,1481979600.0,5,False,True,False,50,13
2016-12-17 14:00:00,107,124,1481983200.0,5,False,True,False,50,14
2016-12-17 15:00:00,111,137,1481986800.0,5,False,True,False,50,15
2016-12-17 16:00:00,101,121,1481990400.0,5,False,True,False,50,16
2016-12-17 17:00:00,119,140,1481994000.0,5,False,True,False,50,17
2016-12-17 18:00:00,101,125,1481997600.0,5,False,True,False,50,18
2016-12-17 19:00:00,120,153,1482001200.0,5,False,True,False,50,19
2016-12-17 20:00:00,101,124,1482004800.0,5,False,True,False,50,20
2016-12-17 21:00:00,59,76,1482008400.0,5,False,True,False,50,21
2016-12-17 22:00:00,73,98,1482012000.0,5,False,True,False,50,22
2016-12-17 23:00:00,98,120,1482015600.0,5,False,True,False,50,23
2016-12-18 00:00:00,86,100,1482019200.0,6,False,True,False,50,0
2016-12-18 01:00:00,59,72,1482022800.0,6,False,True,False,50,1
2016-12-18 02:00:00,42,52,1482026400.0,6,False,True,False,50,2
2016-12-18 03:00:00,21,25,1482030000.0,6,False,True,False,50,3
2016-12-18 04:00:00,15,20,1482033600.0,6,False,True,False,50,4
2016-12-18 05:00:00,8,14,1482037200.0,6,False,True,False,50,5
2016-12-18 06:00:00,11,12,1482040800.0,6,False,True,False,50,6
2016-12-18 07:00:00,23,29,1482044400.0,6,False,True,False,50,7
2016-12-18 08:00:00,35,47,1482048000.0,6,False,True,False,50,8
2016-12-18 09:00:00,55,71,1482051600.0,6,False,True,False,50,9
2016-12-18 10:00:00,76,94,1482055200.0,6,False,True,False,50,10
2016-12-18 11:00:00,68,87,1482058800.0,6,False,True,False,50,11
2016-12-18 12:00:00,92,105,1482062400.0,6,False,True,False,50,12
2016-12-18 13:00:00,90,112,1482066000.0,6,False,True,False,50,13
2016-12-18 14:00:00,81,92,1482069600.0,6,False,True,False,50,14
2016-12-18 15:00:00,81,98,1482073200.0,6,False,True,False,50,15
2016-12-18 16:00:00,79,99,1482076800.0,6,False,True,False,50,16
2016-12-18 17:00:00,74,99,1482080400.0,6,False,True,False,50,17
2016-12-18 18:00:00,106,197,1482084000.0,6,False,True,False,50,18
2016-12-18 19:00:00,87,98,1482087600.0,6,False,True,False,50,19
2016-12-18 20:00:00,77,91,1482091200.0,6,False,True,False,50,20
2016-12-18 21:00:00,64,78,1482094800.0,6,False,True,False,50,21
2016-12-18 22:00:00,48,58,1482098400.0,6,False,True,False,50,22
2016-12-18 23:00:00,53,62,1482102000.0,6,False,True,False,50,23
2016-12-19 00:00:00,24,29,1482105600.0,0,True,False,False,51,0
2016-12-19 01:00:00,22,28,1482109200.0,0,True,False,False,51,1
2016-12-19 02:00:00,12,14,1482112800.0,0,True,False,False,51,2
2016-12-19 03:00:00,7,8,1482116400.0,0,True,False,False,51,3
2016-12-19 04:00:00,13,18,1482120000.0,0,True,False,False,51,4
2016-12-19 05:00:00,25,28,1482123600.0,0,True,False,False,51,5
2016-12-19 06:00:00,41,48,1482127200.0,0,True,False,False,51,6
2016-12-19 07:00:00,86,109,1482130800.0,0,True,False,False,51,7
2016-12-19 08:00:00,162,212,1482134400.0,0,True,False,False,51,8
2016-12-19 09:00:00,128,157,1482138000.0,0,True,False,False,51,9
2016-12-19 10:00:00,104,128,1482141600.0,0,True,False,False,51,10
2016-12-19 11:00:00,96,123,1482145200.0,0,True,False,False,51,11
2016-12-19 12:00:00,64,138,1482148800.0,0,True,False,False,51,12
2016-12-19 13:00:00,0,0,1482152400.0,0,True,False,False,51,13
2016-12-19 14:00:00,0,0,1482156000.0,0,True,False,False,51,14
2016-12-19 15:00:00,0,0,1482159600.0,0,True,False,False,51,15
2016-12-19 16:00:00,0,0,1482163200.0,0,True,False,False,51,16
2016-12-19 17:00:00,0,0,1482166800.0,0,True,False,False,51,17
2016-12-19 18:00:00,0,0,1482170400.0,0,True,False,False,51,18
2016-12-19 19:00:00,0,0,1482174000.0,0,True,False,False,51,19
2016-12-19 20:00:00,0,0,1482177600.0,0,True,False,False,51,20
2016-12-19 21:00:00,0,0,1482181200.0,0,True,False,False,51,21
2016-12-19 22:00:00,0,0,1482184800.0,0,True,False,False,51,22
2016-12-19 23:00:00,0,0,1482188400.0,0,True,False,False,51,23
2016-12-20 00:00:00,0,0,1482192000.0,1,True,False,False,51,0
2016-12-20 01:00:00,0,0,1482195600.0,1,True,False,False,51,1
2016-12-20 02:00:00,0,0,1482199200.0,1,True,False,False,51,2
2016-12-20 03:00:00,0,0,1482202800.0,1,True,False,False,51,3
2016-12-20 04:00:00,0,0,1482206400.0,1,True,False,False,51,4
2016-12-20 05:00:00,0,0,1482210000.0,1,True,False,False,51,5
2016-12-20 06:00:00,0,0,1482213600.0,1,True,False,False,51,6
2016-12-20 07:00:00,0,0,1482217200.0,1,True,False,False,51,7
2016-12-20 08:00:00,0,0,1482220800.0,1,True,False,False,51,8
2016-12-20 09:00:00,0,0,1482224400.0,1,True,False,False,51,9
2016-12-20 10:00:00,63,79,1482228000.0,1,True,False,False,51,10
2016-12-20 11:00:00,128,138,1482231600.0,1,True,False,False,51,11
2016-12-20 12:00:00,142,170,1482235200.0,1,True,False,False,51,12
2016-12-20 13:00:00,165,196,1482238800.0,1,True,False,False,51,13
2016-12-20 14:00:00,152,189,1482242400.0,1,True,False,False,51,14
2016-12-20 15:00:00,145,172,1482246000.0,1,True,False,False,51,15
2016-12-20 16:00:00,132,154,1482249600.0,1,True,False,False,51,16
2016-12-20 17:00:00,189,227,1482253200.0,1,True,False,False,51,17
2016-12-20 18:00:00,174,216,1482256800.0,1,True,False,False,51,18
2016-12-20 19:00:00,153,192,1482260400.0,1,True,False,False,51,19
2016-12-20 20:00:00,137,167,1482264000.0,1,True,False,False,51,20
2016-12-20 21:00:00,88,108,1482267600.0,1,True,False,False,51,21
2016-12-20 22:00:00,85,102,1482271200.0,1,True,False,False,51,22
2016-12-20 23:00:00,71,98,1482274800.0,1,True,False,False,51,23
2016-12-21 00:00:00,59,75,1482278400.0,2,True,False,False,51,0
2016-12-21 01:00:00,38,50,1482282000.0,2,True,False,False,51,1
2016-12-21 02:00:00,20,26,1482285600.0,2,True,False,False,51,2
2016-12-21 03:00:00,6,9,1482289200.0,2,True,False,False,51,3
2016-12-21 04:00:00,16,17,1482292800.0,2,True,False,False,51,4
2016-12-21 05:00:00,16,19,1482296400.0,2,True,False,False,51,5
2016-12-21 06:00:00,34,43,1482300000.0,2,True,False,False,51,6
2016-12-21 07:00:00,103,132,1482303600.0,2,True,False,False,51,7
2016-12-21 08:00:00,190,241,1482307200.0,2,True,False,False,51,8
2016-12-21 09:00:00,161,183,1482310800.0,2,True,False,False,51,9
2016-12-21 10:00:00,120,141,1482314400.0,2,True,False,False,51,10
2016-12-21 11:00:00,114,130,1482318000.0,2,True,False,False,51,11
2016-12-21 12:00:00,137,158,1482321600.0,2,True,False,False,51,12
2016-12-21 13:00:00,120,149,1482325200.0,2,True,False,False,51,13
2016-12-21 14:00:00,160,192,1482328800.0,2,True,False,False,51,14
2016-12-21 15:00:00,138,166,1482332400.0,2,True,False,False,51,15
2016-12-21 16:00:00,133,163,1482336000.0,2,True,False,False,51,16
2016-12-21 17:00:00,142,166,1482339600.0,2,True,False,False,51,17
2016-12-21 18:00:00,163,189,1482343200.0,2,True,False,False,51,18
2016-12-21 19:00:00,150,189,1482346800.0,2,True,False,False,51,19
2016-12-21 20:00:00,112,137,1482350400.0,2,True,False,False,51,20
2016-12-21 21:00:00,90,106,1482354000.0,2,True,False,False,51,21
2016-12-21 22:00:00,69,82,1482357600.0,2,True,False,False,51,22
2016-12-21 23:00:00,63,74,1482361200.0,2,True,False,False,51,23
2016-12-22 00:00:00,48,57,1482364800.0,3,True,False,False,51,0
2016-12-22 01:00:00,28,30,1482368400.0,3,True,False,False,51,1
2016-12-22 02:00:00,19,23,1482372000.0,3,True,False,False,51,2
2016-12-22 03:00:00,12,13,1482375600.0,3,True,False,False,51,3
2016-12-22 04:00:00,9,11,1482379200.0,3,True,False,False,51,4
2016-12-22 05:00:00,22,26,1482382800.0,3,True,False,False,51,5
2016-12-22 06:00:00,30,39,1482386400.0,3,True,False,False,51,6
2016-12-22 07:00:00,89,119,1482390000.0,3,True,False,False,51,7
2016-12-22 08:00:00,177,217,1482393600.0,3,True,False,False,51,8
2016-12-22 09:00:00,138,161,1482397200.0,3,True,False,False,51,9
2016-12-22 10:00:00,99,118,1482400800.0,3,True,False,False,51,10
2016-12-22 11:00:00,79,99,1482404400.0,3,True,False,False,51,11
2016-12-22 12:00:00,130,144,1482408000.0,3,True,False,False,51,12
2016-12-22 13:00:00,123,149,1482411600.0,3,True,False,False,51,13
2016-12-22 14:00:00,141,167,1482415200.0,3,True,False,False,51,14
2016-12-22 15:00:00,141,168,1482418800.0,3,True,False,False,51,15
2016-12-22 16:00:00,136,157,1482422400.0,3,True,False,False,51,16
2016-12-22 17:00:00,155,181,1482426000.0,3,True,False,False,51,17
2016-12-22 18:00:00,136,171,1482429600.0,3,True,False,False,51,18
2016-12-22 19:00:00,126,156,1482433200.0,3,True,False,False,51,19
2016-12-22 20:00:00,107,127,1482436800.0,3,True,False,False,51,20
2016-12-22 21:00:00,76,86,1482440400.0,3,True,False,False,51,21
2016-12-22 22:00:00,67,85,1482444000.0,3,True,False,False,51,22
2016-12-22 23:00:00,78,91,1482447600.0,3,True,False,False,51,23
2016-12-23 00:00:00,67,83,1482451200.0,4,True,False,False,51,0
2016-12-23 01:00:00,47,60,1482454800.0,4,True,False,False,51,1
2016-12-23 02:00:00,21,26,1482458400.0,4,True,False,False,51,2
2016-12-23 03:00:00,12,14,1482462000.0,4,True,False,False,51,3
2016-12-23 04:00:00,16,21,1482465600.0,4,True,False,False,51,4
2016-12-23 05:00:00,13,14,1482469200.0,4,True,False,False,51,5
2016-12-23 06:00:00,31,37,1482472800.0,4,True,False,False,51,6
2016-12-23 07:00:00,87,102,1482476400.0,4,True,False,False,51,7
2016-12-23 08:00:00,131,157,1482480000.0,4,True,False,False,51,8
2016-12-23 09:00:00,131,151,1482483600.0,4,True,False,False,51,9
2016-12-23 10:00:00,113,135,1482487200.0,4,True,False,False,51,10
2016-12-23 11:00:00,104,128,1482490800.0,4,True,False,False,51,11
2016-12-23 12:00:00,103,131,1482494400.0,4,True,False,False,51,12
2016-12-23 13:00:00,107,123,1482498000.0,4,True,False,False,51,13
2016-12-23 14:00:00,126,146,1482501600.0,4,True,False,False,51,14
2016-12-23 15:00:00,142,168,1482505200.0,4,True,False,False,51,15
2016-12-23 16:00:00,142,177,1482508800.0,4,True,False,False,51,16
2016-12-23 17:00:00,129,157,1482512400.0,4,True,False,False,51,17
2016-12-23 18:00:00,103,134,1482516000.0,4,True,False,False,51,18
2016-12-23 19:00:00,120,142,1482519600.0,4,True,False,False,51,19
2016-12-23 20:00:00,103,120,1482523200.0,4,True,False,False,51,20
2016-12-23 21:00:00,77,92,1482526800.0,4,True,False,False,51,21
2016-12-23 22:00:00,55,68,1482530400.0,4,True,False,False,51,22
2016-12-23 23:00:00,62,68,1482534000.0,4,True,False,False,51,23
2016-12-24 00:00:00,53,69,1482537600.0,5,False,True,False,51,0
2016-12-24 01:00:00,44,60,1482541200.0,5,False,True,False,51,1
2016-12-24 02:00:00,26,31,1482544800.0,5,False,True,False,51,2
2016-12-24 03:00:00,22,26,1482548400.0,5,False,True,False,51,3
2016-12-24 04:00:00,18,22,1482552000.0,5,False,True,False,51,4
2016-12-24 05:00:00,16,25,1482555600.0,5,False,True,False,51,5
2016-12-24 06:00:00,18,20,1482559200.0,5,False,True,False,51,6
2016-12-24 07:00:00,27,29,1482562800.0,5,False,True,False,51,7
2016-12-24 08:00:00,37,43,1482566400.0,5,False,True,False,51,8
2016-12-24 09:00:00,63,71,1482570000.0,5,False,True,False,51,9
2016-12-24 10:00:00,80,106,1482573600.0,5,False,True,False,51,10
2016-12-24 11:00:00,96,112,1482577200.0,5,False,True,False,51,11
2016-12-24 12:00:00,103,117,1482580800.0,5,False,True,False,51,12
2016-12-24 13:00:00,73,90,1482584400.0,5,False,True,False,51,13
2016-12-24 14:00:00,65,80,1482588000.0,5,False,True,False,51,14
2016-12-24 15:00:00,92,112,1482591600.0,5,False,True,False,51,15
2016-12-24 16:00:00,80,93,1482595200.0,5,False,True,False,51,16
2016-12-24 17:00:00,86,101,1482598800.0,5,False,True,False,51,17
2016-12-24 18:00:00,80,108,1482602400.0,5,False,True,False,51,18
2016-12-24 19:00:00,84,103,1482606000.0,5,False,True,False,51,19
2016-12-24 20:00:00,46,51,1482609600.0,5,False,True,False,51,20
2016-12-24 21:00:00,15,22,1482613200.0,5,False,True,False,51,21
2016-12-24 22:00:00,25,30,1482616800.0,5,False,True,False,51,22
2016-12-24 23:00:00,27,35,1482620400.0,5,False,True,False,51,23
2016-12-25 00:00:00,50,67,1482624000.0,6,False,True,True,51,0
2016-12-25 01:00:00,27,34,1482627600.0,6,False,True,True,51,1
2016-12-25 02:00:00,21,29,1482631200.0,6,False,True,True,51,2
2016-12-25 03:00:00,5,6,1482634800.0,6,False,True,True,51,3
2016-12-25 04:00:00,5,6,1482638400.0,6,False,True,True,51,4
2016-12-25 05:00:00,7,9,1482642000.0,6,False,True,True,51,5
2016-12-25 06:00:00,8,9,1482645600.0,6,False,True,True,51,6
2016-12-25 07:00:00,8,10,1482649200.0,6,False,True,True,51,7
2016-12-25 08:00:00,12,15,1482652800.0,6,False,True,True,51,8
2016-12-25 09:00:00,29,38,1482656400.0,6,False,True,True,51,9
2016-12-25 10:00:00,28,30,1482660000.0,6,False,True,True,51,10
2016-12-25 11:00:00,45,53,1482663600.0,6,False,True,True,51,11
2016-12-25 12:00:00,70,93,1482667200.0,6,False,True,True,51,12
2016-12-25 13:00:00,27,32,1482670800.0,6,False,True,True,51,13
2016-12-25 14:00:00,19,23,1482674400.0,6,False,True,True,51,14
2016-12-25 15:00:00,39,48,1482678000.0,6,False,True,True,51,15
2016-12-25 16:00:00,43,51,1482681600.0,6,False,True,True,51,16
2016-12-25 17:00:00,51,61,1482685200.0,6,False,True,True,51,17
2016-12-25 18:00:00,31,40,1482688800.0,6,False,True,True,51,18
2016-12-25 19:00:00,50,61,1482692400.0,6,False,True,True,51,19
2016-12-25 20:00:00,40,46,1482696000.0,6,False,True,True,51,20
2016-12-25 21:00:00,58,63,1482699600.0,6,False,True,True,51,21
2016-12-25 22:00:00,35,44,1482703200.0,6,False,True,True,51,22
2016-12-25 23:00:00,39,44,1482706800.0,6,False,True,True,51,23
2016-12-26 00:00:00,28,33,1482710400.0,0,True,False,True,52,0
2016-12-26 01:00:00,19,23,1482714000.0,0,True,False,True,52,1
2016-12-26 02:00:00,14,18,1482717600.0,0,True,False,True,52,2
2016-12-26 03:00:00,8,9,1482721200.0,0,True,False,True,52,3
2016-12-26 04:00:00,5,7,1482724800.0,0,True,False,True,52,4
2016-12-26 05:00:00,7,11,1482728400.0,0,True,False,True,52,5
2016-12-26 06:00:00,14,15,1482732000.0,0,True,False,True,52,6
2016-12-26 07:00:00,10,17,1482735600.0,0,True,False,True,52,7
2016-12-26 08:00:00,13,14,1482739200.0,0,True,False,True,52,8
2016-12-26 09:00:00,14,19,1482742800.0,0,True,False,True,52,9
2016-12-26 10:00:00,36,42,1482746400.0,0,True,False,True,52,10
2016-12-26 11:00:00,46,50,1482750000.0,0,True,False,True,52,11
2016-12-26 12:00:00,49,58,1482753600.0,0,True,False,True,52,12
2016-12-26 13:00:00,41,45,1482757200.0,0,True,False,True,52,13
2016-12-26 14:00:00,37,43,1482760800.0,0,True,False,True,52,14
2016-12-26 15:00:00,46,52,1482764400.0,0,True,False,True,52,15
2016-12-26 16:00:00,56,67,1482768000.0,0,True,False,True,52,16
2016-12-26 17:00:00,41,51,1482771600.0,0,True,False,True,52,17
2016-12-26 18:00:00,47,52,1482775200.0,0,True,False,True,52,18
2016-12-26 19:00:00,47,55,1482778800.0,0,True,False,True,52,19
2016-12-26 20:00:00,42,48,1482782400.0,0,True,False,True,52,20
2016-12-26 21:00:00,48,59,1482786000.0,0,True,False,True,52,21
2016-12-26 22:00:00,37,41,1482789600.0,0,True,False,True,52,22
2016-12-26 23:00:00,34,43,1482793200.0,0,True,False,True,52,23
2016-12-27 00:00:00,22,31,1482796800.0,1,True,False,False,52,0
2016-12-27 01:00:00,16,20,1482800400.0,1,True,False,False,52,1
2016-12-27 02:00:00,14,15,1482804000.0,1,True,False,False,52,2
2016-12-27 03:00:00,5,6,1482807600.0,1,True,False,False,52,3
2016-12-27 04:00:00,6,7,1482811200.0,1,True,False,False,52,4
2016-12-27 05:00:00,6,7,1482814800.0,1,True,False,False,52,5
2016-12-27 06:00:00,18,21,1482818400.0,1,True,False,False,52,6
2016-12-27 07:00:00,43,50,1482822000.0,1,True,False,False,52,7
2016-12-27 08:00:00,72,87,1482825600.0,1,True,False,False,52,8
2016-12-27 09:00:00,77,90,1482829200.0,1,True,False,False,52,9
2016-12-27 10:00:00,66,79,1482832800.0,1,True,False,False,52,10
2016-12-27 11:00:00,71,84,1482836400.0,1,True,False,False,52,11
2016-12-27 12:00:00,83,92,1482840000.0,1,True,False,False,52,12
2016-12-27 13:00:00,70,80,1482843600.0,1,True,False,False,52,13
2016-12-27 14:00:00,92,106,1482847200.0,1,True,False,False,52,14
2016-12-27 15:00:00,83,100,1482850800.0,1,True,False,False,52,15
2016-12-27 16:00:00,48,357,1482854400.0,1,True,False,False,52,16
2016-12-27 17:00:00,89,96,1482858000.0,1,True,False,False,52,17
2016-12-27 18:00:00,94,104,1482861600.0,1,True,False,False,52,18
2016-12-27 19:00:00,100,120,1482865200.0,1,True,False,False,52,19
2016-12-27 20:00:00,73,88,1482868800.0,1,True,False,False,52,20
2016-12-27 21:00:00,48,61,1482872400.0,1,True,False,False,52,21
2016-12-27 22:00:00,54,70,1482876000.0,1,True,False,False,52,22
2016-12-27 23:00:00,41,50,1482879600.0,1,True,False,False,52,23
2016-12-28 00:00:00,29,33,1482883200.0,2,True,False,False,52,0
2016-12-28 01:00:00,15,16,1482886800.0,2,True,False,False,52,1
2016-12-28 02:00:00,10,11,1482890400.0,2,True,False,False,52,2
2016-12-28 03:00:00,4,4,1482894000.0,2,True,False,False,52,3
2016-12-28 04:00:00,8,8,1482897600.0,2,True,False,False,52,4
2016-12-28 05:00:00,13,14,1482901200.0,2,True,False,False,52,5
2016-12-28 06:00:00,23,24,1482904800.0,2,True,False,False,52,6
2016-12-28 07:00:00,41,49,1482908400.0,2,True,False,False,52,7
2016-12-28 08:00:00,102,115,1482912000.0,2,True,False,False,52,8
2016-12-28 09:00:00,98,111,1482915600.0,2,True,False,False,52,9
2016-12-28 10:00:00,72,86,1482919200.0,2,True,False,False,52,10
2016-12-28 11:00:00,82,94,1482922800.0,2,True,False,False,52,11
2016-12-28 12:00:00,106,124,1482926400.0,2,True,False,False,52,12
2016-12-28 13:00:00,82,95,1482930000.0,2,True,False,False,52,13
2016-12-28 14:00:00,108,114,1482933600.0,2,True,False,False,52,14
2016-12-28 15:00:00,84,95,1482937200.0,2,True,False,False,52,15
2016-12-28 16:00:00,97,107,1482940800.0,2,True,False,False,52,16
2016-12-28 17:00:00,103,119,1482944400.0,2,True,False,False,52,17
2016-12-28 18:00:00,107,125,1482948000.0,2,True,False,False,52,18
2016-12-28 19:00:00,107,125,1482951600.0,2,True,False,False,52,19
2016-12-28 20:00:00,98,109,1482955200.0,2,True,False,False,52,20
2016-12-28 21:00:00,60,73,1482958800.0,2,True,False,False,52,21
2016-12-28 22:00:00,61,70,1482962400.0,2,True,False,False,52,22
2016-12-28 23:00:00,51,63,1482966000.0,2,True,False,False,52,23
2016-12-29 00:00:00,49,55,1482969600.0,3,True,False,False,52,0
2016-12-29 01:00:00,22,26,1482973200.0,3,True,False,False,52,1
2016-12-29 02:00:00,19,23,1482976800.0,3,True,False,False,52,2
2016-12-29 03:00:00,8,8,1482980400.0,3,True,False,False,52,3
2016-12-29 04:00:00,7,11,1482984000.0,3,True,False,False,52,4
2016-12-29 05:00:00,11,11,1482987600.0,3,True,False,False,52,5
2016-12-29 06:00:00,18,23,1482991200.0,3,True,False,False,52,6
2016-12-29 07:00:00,44,53,1482994800.0,3,True,False,False,52,7
2016-12-29 08:00:00,95,114,1482998400.0,3,True,False,False,52,8
2016-12-29 09:00:00,105,118,1483002000.0,3,True,False,False,52,9
2016-12-29 10:00:00,90,102,1483005600.0,3,True,False,False,52,10
2016-12-29 11:00:00,79,92,1483009200.0,3,True,False,False,52,11
2016-12-29 12:00:00,112,124,1483012800.0,3,True,False,False,52,12
2016-12-29 13:00:00,112,126,1483016400.0,3,True,False,False,52,13
2016-12-29 14:00:00,105,119,1483020000.0,3,True,False,False,52,14
2016-12-29 15:00:00,86,98,1483023600.0,3,True,False,False,52,15
2016-12-29 16:00:00,96,112,1483027200.0,3,True,False,False,52,16
2016-12-29 17:00:00,116,131,1483030800.0,3,True,False,False,52,17
2016-12-29 18:00:00,100,116,1483034400.0,3,True,False,False,52,18
2016-12-29 19:00:00,114,132,1483038000.0,3,True,False,False,52,19
2016-12-29 20:00:00,89,101,1483041600.0,3,True,False,False,52,20
2016-12-29 21:00:00,57,67,1483045200.0,3,True,False,False,52,21
2016-12-29 22:00:00,60,67,1483048800.0,3,True,False,False,52,22
2016-12-29 23:00:00,52,70,1483052400.0,3,True,False,False,52,23
2016-12-30 00:00:00,53,59,1483056000.0,4,True,False,False,52,0
2016-12-30 01:00:00,17,19,1483059600.0,4,True,False,False,52,1
2016-12-30 02:00:00,20,23,1483063200.0,4,True,False,False,52,2
2016-12-30 03:00:00,3,5,1483066800.0,4,True,False,False,52,3
2016-12-30 04:00:00,10,13,1483070400.0,4,True,False,False,52,4
2016-12-30 05:00:00,13,14,1483074000.0,4,True,False,False,52,5
2016-12-30 06:00:00,18,22,1483077600.0,4,True,False,False,52,6
2016-12-30 07:00:00,48,61,1483081200.0,4,True,False,False,52,7
2016-12-30 08:00:00,88,107,1483084800.0,4,True,False,False,52,8
2016-12-30 09:00:00,69,81,1483088400.0,4,True,False,False,52,9
2016-12-30 10:00:00,83,97,1483092000.0,4,True,False,False,52,10
2016-12-30 11:00:00,79,90,1483095600.0,4,True,False,False,52,11
2016-12-30 12:00:00,97,111,1483099200.0,4,True,False,False,52,12
2016-12-30 13:00:00,94,105,1483102800.0,4,True,False,False,52,13
2016-12-30 14:00:00,117,125,1483106400.0,4,True,False,False,52,14
2016-12-30 15:00:00,111,122,1483110000.0,4,True,False,False,52,15
2016-12-30 16:00:00,107,121,1483113600.0,4,True,False,False,52,16
2016-12-30 17:00:00,90,103,1483117200.0,4,True,False,False,52,17
2016-12-30 18:00:00,97,114,1483120800.0,4,True,False,False,52,18
2016-12-30 19:00:00,93,106,1483124400.0,4,True,False,False,52,19
2016-12-30 20:00:00,87,96,1483128000.0,4,True,False,False,52,20
2016-12-30 21:00:00,84,95,1483131600.0,4,True,False,False,52,21
2016-12-30 22:00:00,62,69,1483135200.0,4,True,False,False,52,22
2016-12-30 23:00:00,64,78,1483138800.0,4,True,False,False,52,23
2016-12-31 00:00:00,50,59,1483142400.0,5,False,True,False,52,0
2016-12-31 01:00:00,31,37,1483146000.0,5,False,True,False,52,1
2016-12-31 02:00:00,22,25,1483149600.0,5,False,True,False,52,2
2016-12-31 03:00:00,13,13,1483153200.0,5,False,True,False,52,3
2016-12-31 04:00:00,6,6,1483156800.0,5,False,True,False,52,4
2016-12-31 05:00:00,11,13,1483160400.0,5,False,True,False,52,5
2016-12-31 06:00:00,18,23,1483164000.0,5,False,True,False,52,6
2016-12-31 07:00:00,21,29,1483167600.0,5,False,True,False,52,7
2016-12-31 08:00:00,47,53,1483171200.0,5,False,True,False,52,8
2016-12-31 09:00:00,66,80,1483174800.0,5,False,True,False,52,9
2016-12-31 10:00:00,68,76,1483178400.0,5,False,True,False,52,10
2016-12-31 11:00:00,90,102,1483182000.0,5,False,True,False,52,11
2016-12-31 12:00:00,103,119,1483185600.0,5,False,True,False,52,12
2016-12-31 13:00:00,71,87,1483189200.0,5,False,True,False,52,13
2016-12-31 14:00:00,70,74,1483192800.0,5,False,True,False,52,14
2016-12-31 15:00:00,81,94,1483196400.0,5,False,True,False,52,15
2016-12-31 16:00:00,89,107,1483200000.0,5,False,True,False,52,16
2016-12-31 17:00:00,80,97,1483203600.0,5,False,True,False,52,17
2016-12-31 18:00:00,95,117,1483207200.0,5,False,True,False,52,18
2016-12-31 19:00:00,99,119,1483210800.0,5,False,True,False,52,19
2016-12-31 20:00:00,87,111,1483214400.0,5,False,True,False,52,20
2016-12-31 21:00:00,54,61,1483218000.0,5,False,True,False,52,21
2016-12-31 22:00:00,20,29,1483221600.0,5,False,True,False,52,22
2016-12-31 23:00:00,27,30,1483225200.0,5,False,True,False,52,23
2017-01-01 00:00:00,52,59,1483228800.0,6,False,True,True,52,0
2017-01-01 01:00:00,60,75,1483232400.0,6,False,True,True,52,1
2017-01-01 02:00:00,56,69,1483236000.0,6,False,True,True,52,2
2017-01-01 03:00:00,47,58,1483239600.0,6,False,True,True,52,3
2017-01-01 04:00:00,49,58,1483243200.0,6,False,True,True,52,4
2017-01-01 05:00:00,29,37,1483246800.0,6,False,True,True,52,5
2017-01-01 06:00:00,20,22,1483250400.0,6,False,True,True,52,6
2017-01-01 07:00:00,13,14,1483254000.0,6,False,True,True,52,7
2017-01-01 08:00:00,11,12,1483257600.0,6,False,True,True,52,8
2017-01-01 09:00:00,13,16,1483261200.0,6,False,True,True,52,9
2017-01-01 10:00:00,17,19,1483264800.0,6,False,True,True,52,10
2017-01-01 11:00:00,21,23,1483268400.0,6,False,True,True,52,11
2017-01-01 12:00:00,38,42,1483272000.0,6,False,True,True,52,12
2017-01-01 13:00:00,32,34,1483275600.0,6,False,True,True,52,13
2017-01-01 14:00:00,37,41,1483279200.0,6,False,True,True,52,14
2017-01-01 15:00:00,38,41,1483282800.0,6,False,True,True,52,15
2017-01-01 16:00:00,33,37,1483286400.0,6,False,True,True,52,16
2017-01-01 17:00:00,52,58,1483290000.0,6,False,True,True,52,17
2017-01-01 18:00:00,60,70,1483293600.0,6,False,True,True,52,18
2017-01-01 19:00:00,56,65,1483297200.0,6,False,True,True,52,19
2017-01-01 20:00:00,40,43,1483300800.0,6,False,True,True,52,20
2017-01-01 21:00:00,39,49,1483304400.0,6,False,True,True,52,21
2017-01-01 22:00:00,36,41,1483308000.0,6,False,True,True,52,22
2017-01-01 23:00:00,38,44,1483311600.0,6,False,True,True,52,23
2017-01-02 00:00:00,19,21,1483315200.0,0,True,False,False,1,0
2017-01-02 01:00:00,17,18,1483318800.0,0,True,False,False,1,1
2017-01-02 02:00:00,10,12,1483322400.0,0,True,False,False,1,2
2017-01-02 03:00:00,3,3,1483326000.0,0,True,False,False,1,3
2017-01-02 04:00:00,6,8,1483329600.0,0,True,False,False,1,4
2017-01-02 05:00:00,9,10,1483333200.0,0,True,False,False,1,5
2017-01-02 06:00:00,16,17,1483336800.0,0,True,False,False,1,6
2017-01-02 07:00:00,43,50,1483340400.0,0,True,False,False,1,7
2017-01-02 08:00:00,84,99,1483344000.0,0,True,False,False,1,8
2017-01-02 09:00:00,64,78,1483347600.0,0,True,False,False,1,9
2017-01-02 10:00:00,59,72,1483351200.0,0,True,False,False,1,10
2017-01-02 11:00:00,69,269,1483354800.0,0,True,False,False,1,11
2017-01-02 12:00:00,71,85,1483358400.0,0,True,False,False,1,12
2017-01-02 13:00:00,65,83,1483362000.0,0,True,False,False,1,13
2017-01-02 14:00:00,68,89,1483365600.0,0,True,False,False,1,14
2017-01-02 15:00:00,80,99,1483369200.0,0,True,False,False,1,15
2017-01-02 16:00:00,75,85,1483372800.0,0,True,False,False,1,16
2017-01-02 17:00:00,93,105,1483376400.0,0,True,False,False,1,17
2017-01-02 18:00:00,92,101,1483380000.0,0,True,False,False,1,18
2017-01-02 19:00:00,71,83,1483383600.0,0,True,False,False,1,19
2017-01-02 20:00:00,59,65,1483387200.0,0,True,False,False,1,20
2017-01-02 21:00:00,46,50,1483390800.0,0,True,False,False,1,21
2017-01-02 22:00:00,41,49,1483394400.0,0,True,False,False,1,22
2017-01-02 23:00:00,48,52,1483398000.0,0,True,False,False,1,23
2017-01-03 00:00:00,28,35,1483401600.0,1,True,False,False,1,0
2017-01-03 01:00:00,7,9,1483405200.0,1,True,False,False,1,1
2017-01-03 02:00:00,5,6,1483408800.0,1,True,False,False,1,2
2017-01-03 03:00:00,5,6,1483412400.0,1,True,False,False,1,3
2017-01-03 04:00:00,11,14,1483416000.0,1,True,False,False,1,4
2017-01-03 05:00:00,11,13,1483419600.0,1,True,False,False,1,5
2017-01-03 06:00:00,20,23,1483423200.0,1,True,False,False,1,6
2017-01-03 07:00:00,37,50,1483426800.0,1,True,False,False,1,7
2017-01-03 08:00:00,94,107,1483430400.0,1,True,False,False,1,8
2017-01-03 09:00:00,95,112,1483434000.0,1,True,False,False,1,9
2017-01-03 10:00:00,68,90,1483437600.0,1,True,False,False,1,10
2017-01-03 11:00:00,69,87,1483441200.0,1,True,False,False,1,11
2017-01-03 12:00:00,73,87,1483444800.0,1,True,False,False,1,12
2017-01-03 13:00:00,89,100,1483448400.0,1,True,False,False,1,13
2017-01-03 14:00:00,85,97,1483452000.0,1,True,False,False,1,14
2017-01-03 15:00:00,93,104,1483455600.0,1,True,False,False,1,15
2017-01-03 16:00:00,76,86,1483459200.0,1,True,False,False,1,16
2017-01-03 17:00:00,115,130,1483462800.0,1,True,False,False,1,17
2017-01-03 18:00:00,108,128,1483466400.0,1,True,False,False,1,18
2017-01-03 19:00:00,95,105,1483470000.0,1,True,False,False,1,19
2017-01-03 20:00:00,82,92,1483473600.0,1,True,False,False,1,20
2017-01-03 21:00:00,55,59,1483477200.0,1,True,False,False,1,21
2017-01-03 22:00:00,49,52,1483480800.0,1,True,False,False,1,22
2017-01-03 23:00:00,37,43,1483484400.0,1,True,False,False,1,23
2017-01-04 00:00:00,44,60,1483488000.0,2,True,False,False,1,0
2017-01-04 01:00:00,26,32,1483491600.0,2,True,False,False,1,1
2017-01-04 02:00:00,10,13,1483495200.0,2,True,False,False,1,2
2017-01-04 03:00:00,2,3,1483498800.0,2,True,False,False,1,3
2017-01-04 04:00:00,5,7,1483502400.0,2,True,False,False,1,4
2017-01-04 05:00:00,5,6,1483506000.0,2,True,False,False,1,5
2017-01-04 06:00:00,15,15,1483509600.0,2,True,False,False,1,6
2017-01-04 07:00:00,51,65,1483513200.0,2,True,False,False,1,7
2017-01-04 08:00:00,110,133,1483516800.0,2,True,False,False,1,8
2017-01-04 09:00:00,97,113,1483520400.0,2,True,False,False,1,9
2017-01-04 10:00:00,82,104,1483524000.0,2,True,False,False,1,10
2017-01-04 11:00:00,77,95,1483527600.0,2,True,False,False,1,11
2017-01-04 12:00:00,94,110,1483531200.0,2,True,False,False,1,12
2017-01-04 13:00:00,87,100,1483534800.0,2,True,False,False,1,13
2017-01-04 14:00:00,92,111,1483538400.0,2,True,False,False,1,14
2017-01-04 15:00:00,74,84,1483542000.0,2,True,False,False,1,15
2017-01-04 16:00:00,105,124,1483545600.0,2,True,False,False,1,16
2017-01-04 17:00:00,121,139,1483549200.0,2,True,False,False,1,17
2017-01-04 18:00:00,110,131,1483552800.0,2,True,False,False,1,18
2017-01-04 19:00:00,88,101,1483556400.0,2,True,False,False,1,19
2017-01-04 20:00:00,79,94,1483560000.0,2,True,False,False,1,20
2017-01-04 21:00:00,58,65,1483563600.0,2,True,False,False,1,21
2017-01-04 22:00:00,54,68,1483567200.0,2,True,False,False,1,22
2017-01-04 23:00:00,47,53,1483570800.0,2,True,False,False,1,23
2017-01-05 00:00:00,45,52,1483574400.0,3,True,False,False,1,0
2017-01-05 01:00:00,13,16,1483578000.0,3,True,False,False,1,1
2017-01-05 02:00:00,10,12,1483581600.0,3,True,False,False,1,2
2017-01-05 03:00:00,1,2,1483585200.0,3,True,False,False,1,3
2017-01-05 04:00:00,8,8,1483588800.0,3,True,False,False,1,4
2017-01-05 05:00:00,19,20,1483592400.0,3,True,False,False,1,5
2017-01-05 06:00:00,21,24,1483596000.0,3,True,False,False,1,6
2017-01-05 07:00:00,58,69,1483599600.0,3,True,False,False,1,7
2017-01-05 08:00:00,106,131,1483603200.0,3,True,False,False,1,8
2017-01-05 09:00:00,110,138,1483606800.0,3,True,False,False,1,9
2017-01-05 10:00:00,89,105,1483610400.0,3,True,False,False,1,10
2017-01-05 11:00:00,81,102,1483614000.0,3,True,False,False,1,11
2017-01-05 12:00:00,102,120,1483617600.0,3,True,False,False,1,12
2017-01-05 13:00:00,95,115,1483621200.0,3,True,False,False,1,13
2017-01-05 14:00:00,97,111,1483624800.0,3,True,False,False,1,14
2017-01-05 15:00:00,111,126,1483628400.0,3,True,False,False,1,15
2017-01-05 16:00:00,95,113,1483632000.0,3,True,False,False,1,16
2017-01-05 17:00:00,120,133,1483635600.0,3,True,False,False,1,17
2017-01-05 18:00:00,104,116,1483639200.0,3,True,False,False,1,18
2017-01-05 19:00:00,108,118,1483642800.0,3,True,False,False,1,19
2017-01-05 20:00:00,81,97,1483646400.0,3,True,False,False,1,20
2017-01-05 21:00:00,69,83,1483650000.0,3,True,False,False,1,21
2017-01-05 22:00:00,50,56,1483653600.0,3,True,False,False,1,22
2017-01-05 23:00:00,63,68,1483657200.0,3,True,False,False,1,23
2017-01-06 00:00:00,52,59,1483660800.0,4,True,False,True,1,0
2017-01-06 01:00:00,27,30,1483664400.0,4,True,False,True,1,1
2017-01-06 02:00:00,20,21,1483668000.0,4,True,False,True,1,2
2017-01-06 03:00:00,11,13,1483671600.0,4,True,False,True,1,3
2017-01-06 04:00:00,14,19,1483675200.0,4,True,False,True,1,4
2017-01-06 05:00:00,13,15,1483678800.0,4,True,False,True,1,5
2017-01-06 06:00:00,16,19,1483682400.0,4,True,False,True,1,6
2017-01-06 07:00:00,21,26,1483686000.0,4,True,False,True,1,7
2017-01-06 08:00:00,18,23,1483689600.0,4,True,False,True,1,8
2017-01-06 09:00:00,47,55,1483693200.0,4,True,False,True,1,9
2017-01-06 10:00:00,56,60,1483696800.0,4,True,False,True,1,10
2017-01-06 11:00:00,64,69,1483700400.0,4,True,False,True,1,11
2017-01-06 12:00:00,80,87,1483704000.0,4,True,False,True,1,12
2017-01-06 13:00:00,76,87,1483707600.0,4,True,False,True,1,13
2017-01-06 14:00:00,64,79,1483711200.0,4,True,False,True,1,14
2017-01-06 15:00:00,80,89,1483714800.0,4,True,False,True,1,15
2017-01-06 16:00:00,64,75,1483718400.0,4,True,False,True,1,16
2017-01-06 17:00:00,78,100,1483722000.0,4,True,False,True,1,17
2017-01-06 18:00:00,77,92,1483725600.0,4,True,False,True,1,18
2017-01-06 19:00:00,81,91,1483729200.0,4,True,False,True,1,19
2017-01-06 20:00:00,71,83,1483732800.0,4,True,False,True,1,20
2017-01-06 21:00:00,40,47,1483736400.0,4,True,False,True,1,21
2017-01-06 22:00:00,66,71,1483740000.0,4,True,False,True,1,22
2017-01-06 23:00:00,54,61,1483743600.0,4,True,False,True,1,23
2017-01-07 00:00:00,52,58,1483747200.0,5,False,True,False,1,0
2017-01-07 01:00:00,25,28,1483750800.0,5,False,True,False,1,1
2017-01-07 02:00:00,19,20,1483754400.0,5,False,True,False,1,2
2017-01-07 03:00:00,13,16,1483758000.0,5,False,True,False,1,3
2017-01-07 04:00:00,8,12,1483761600.0,5,False,True,False,1,4
2017-01-07 05:00:00,8,9,1483765200.0,5,False,True,False,1,5
2017-01-07 06:00:00,14,15,1483768800.0,5,False,True,False,1,6
2017-01-07 07:00:00,15,18,1483772400.0,5,False,True,False,1,7
2017-01-07 08:00:00,29,34,1483776000.0,5,False,True,False,1,8
2017-01-07 09:00:00,46,60,1483779600.0,5,False,True,False,1,9
2017-01-07 10:00:00,73,81,1483783200.0,5,False,True,False,1,10
2017-01-07 11:00:00,79,92,1483786800.0,5,False,True,False,1,11
2017-01-07 12:00:00,71,82,1483790400.0,5,False,True,False,1,12
2017-01-07 13:00:00,71,79,1483794000.0,5,False,True,False,1,13
2017-01-07 14:00:00,64,74,1483797600.0,5,False,True,False,1,14
2017-01-07 15:00:00,75,88,1483801200.0,5,False,True,False,1,15
2017-01-07 16:00:00,73,89,1483804800.0,5,False,True,False,1,16
2017-01-07 17:00:00,88,107,1483808400.0,5,False,True,False,1,17
2017-01-07 18:00:00,78,98,1483812000.0,5,False,True,False,1,18
2017-01-07 19:00:00,83,98,1483815600.0,5,False,True,False,1,19
2017-01-07 20:00:00,50,63,1483819200.0,5,False,True,False,1,20
2017-01-07 21:00:00,78,89,1483822800.0,5,False,True,False,1,21
2017-01-07 22:00:00,57,68,1483826400.0,5,False,True,False,1,22
2017-01-07 23:00:00,63,78,1483830000.0,5,False,True,False,1,23
2017-01-08 00:00:00,52,73,1483833600.0,6,False,True,False,1,0
2017-01-08 01:00:00,39,47,1483837200.0,6,False,True,False,1,1
2017-01-08 02:00:00,25,34,1483840800.0,6,False,True,False,1,2
2017-01-08 03:00:00,13,16,1483844400.0,6,False,True,False,1,3
2017-01-08 04:00:00,7,12,1483848000.0,6,False,True,False,1,4
2017-01-08 05:00:00,9,12,1483851600.0,6,False,True,False,1,5
2017-01-08 06:00:00,15,16,1483855200.0,6,False,True,False,1,6
2017-01-08 07:00:00,13,18,1483858800.0,6,False,True,False,1,7
2017-01-08 08:00:00,20,25,1483862400.0,6,False,True,False,1,8
2017-01-08 09:00:00,32,40,1483866000.0,6,False,True,False,1,9
2017-01-08 10:00:00,30,38,1483869600.0,6,False,True,False,1,10
2017-01-08 11:00:00,54,58,1483873200.0,6,False,True,False,1,11
2017-01-08 12:00:00,71,83,1483876800.0,6,False,True,False,1,12
2017-01-08 13:00:00,70,82,1483880400.0,6,False,True,False,1,13
2017-01-08 14:00:00,58,68,1483884000.0,6,False,True,False,1,14
2017-01-08 15:00:00,62,70,1483887600.0,6,False,True,False,1,15
2017-01-08 16:00:00,77,90,1483891200.0,6,False,True,False,1,16
2017-01-08 17:00:00,61,74,1483894800.0,6,False,True,False,1,17
2017-01-08 18:00:00,70,80,1483898400.0,6,False,True,False,1,18
2017-01-08 19:00:00,73,83,1483902000.0,6,False,True,False,1,19
2017-01-08 20:00:00,67,78,1483905600.0,6,False,True,False,1,20
2017-01-08 21:00:00,62,67,1483909200.0,6,False,True,False,1,21
2017-01-08 22:00:00,70,86,1483912800.0,6,False,True,False,1,22
2017-01-08 23:00:00,47,57,1483916400.0,6,False,True,False,1,23
2017-01-09 00:00:00,37,41,1483920000.0,0,True,False,False,2,0
2017-01-09 01:00:00,20,25,1483923600.0,0,True,False,False,2,1
2017-01-09 02:00:00,6,8,1483927200.0,0,True,False,False,2,2
2017-01-09 03:00:00,6,9,1483930800.0,0,True,False,False,2,3
2017-01-09 04:00:00,10,11,1483934400.0,0,True,False,False,2,4
2017-01-09 05:00:00,11,13,1483938000.0,0,True,False,False,2,5
2017-01-09 06:00:00,33,40,1483941600.0,0,True,False,False,2,6
2017-01-09 07:00:00,74,94,1483945200.0,0,True,False,False,2,7
2017-01-09 08:00:00,154,190,1483948800.0,0,True,False,False,2,8
2017-01-09 09:00:00,103,124,1483952400.0,0,True,False,False,2,9
2017-01-09 10:00:00,94,121,1483956000.0,0,True,False,False,2,10
2017-01-09 11:00:00,92,111,1483959600.0,0,True,False,False,2,11
2017-01-09 12:00:00,99,117,1483963200.0,0,True,False,False,2,12
2017-01-09 13:00:00,83,117,1483966800.0,0,True,False,False,2,13
2017-01-09 14:00:00,113,135,1483970400.0,0,True,False,False,2,14
2017-01-09 15:00:00,115,147,1483974000.0,0,True,False,False,2,15
2017-01-09 16:00:00,115,137,1483977600.0,0,True,False,False,2,16
2017-01-09 17:00:00,142,167,1483981200.0,0,True,False,False,2,17
2017-01-09 18:00:00,176,219,1483984800.0,0,True,False,False,2,18
2017-01-09 19:00:00,188,228,1483988400.0,0,True,False,False,2,19
2017-01-09 20:00:00,125,139,1483992000.0,0,True,False,False,2,20
2017-01-09 21:00:00,89,98,1483995600.0,0,True,False,False,2,21
2017-01-09 22:00:00,76,88,1483999200.0,0,True,False,False,2,22
2017-01-09 23:00:00,62,71,1484002800.0,0,True,False,False,2,23
2017-01-10 00:00:00,31,39,1484006400.0,1,True,False,False,2,0
2017-01-10 01:00:00,13,20,1484010000.0,1,True,False,False,2,1
2017-01-10 02:00:00,3,5,1484013600.0,1,True,False,False,2,2
2017-01-10 03:00:00,5,7,1484017200.0,1,True,False,False,2,3
2017-01-10 04:00:00,10,13,1484020800.0,1,True,False,False,2,4
2017-01-10 05:00:00,16,16,1484024400.0,1,True,False,False,2,5
2017-01-10 06:00:00,36,41,1484028000.0,1,True,False,False,2,6
2017-01-10 07:00:00,91,112,1484031600.0,1,True,False,False,2,7
2017-01-10 08:00:00,195,249,1484035200.0,1,True,False,False,2,8
2017-01-10 09:00:00,154,182,1484038800.0,1,True,False,False,2,9
2017-01-10 10:00:00,116,141,1484042400.0,1,True,False,False,2,10
2017-01-10 11:00:00,110,135,1484046000.0,1,True,False,False,2,11
2017-01-10 12:00:00,142,167,1484049600.0,1,True,False,False,2,12
2017-01-10 13:00:00,141,164,1484053200.0,1,True,False,False,2,13
2017-01-10 14:00:00,56,67,1484056800.0,1,True,False,False,2,14
2017-01-10 15:00:00,0,0,1484060400.0,1,True,False,False,2,15
2017-01-10 16:00:00,0,0,1484064000.0,1,True,False,False,2,16
2017-01-10 17:00:00,0,0,1484067600.0,1,True,False,False,2,17
2017-01-10 18:00:00,0,0,1484071200.0,1,True,False,False,2,18
2017-01-10 19:00:00,60,72,1484074800.0,1,True,False,False,2,19
2017-01-10 20:00:00,86,104,1484078400.0,1,True,False,False,2,20
2017-01-10 21:00:00,83,115,1484082000.0,1,True,False,False,2,21
2017-01-10 22:00:00,58,87,1484085600.0,1,True,False,False,2,22
2017-01-10 23:00:00,34,48,1484089200.0,1,True,False,False,2,23
2017-01-11 00:00:00,18,42,1484092800.0,2,True,False,False,2,0
2017-01-11 01:00:00,11,29,1484096400.0,2,True,False,False,2,1
2017-01-11 02:00:00,3,16,1484100000.0,2,True,False,False,2,2
2017-01-11 03:00:00,12,32,1484103600.0,2,True,False,False,2,3
2017-01-11 04:00:00,10,22,1484107200.0,2,True,False,False,2,4
2017-01-11 05:00:00,36,42,1484110800.0,2,True,False,False,2,5
2017-01-11 06:00:00,100,128,1484114400.0,2,True,False,False,2,6
2017-01-11 07:00:00,182,225,1484118000.0,2,True,False,False,2,7
2017-01-11 08:00:00,135,165,1484121600.0,2,True,False,False,2,8
2017-01-11 09:00:00,104,133,1484125200.0,2,True,False,False,2,9
2017-01-11 10:00:00,102,122,1484128800.0,2,True,False,False,2,10
2017-01-11 11:00:00,115,130,1484132400.0,2,True,False,False,2,11
2017-01-11 12:00:00,113,137,1484136000.0,2,True,False,False,2,12
2017-01-11 13:00:00,121,140,1484139600.0,2,True,False,False,2,13
2017-01-11 14:00:00,100,118,1484143200.0,2,True,False,False,2,14
2017-01-11 15:00:00,117,129,1484146800.0,2,True,False,False,2,15
2017-01-11 16:00:00,176,210,1484150400.0,2,True,False,False,2,16
2017-01-11 17:00:00,174,202,1484154000.0,2,True,False,False,2,17
2017-01-11 18:00:00,159,203,1484157600.0,2,True,False,False,2,18
2017-01-11 19:00:00,136,155,1484161200.0,2,True,False,False,2,19
2017-01-11 20:00:00,88,109,1484164800.0,2,True,False,False,2,20
2017-01-11 21:00:00,82,125,1484168400.0,2,True,False,False,2,21
2017-01-11 22:00:00,61,97,1484172000.0,2,True,False,False,2,22
2017-01-11 23:00:00,63,88,1484175600.0,2,True,False,False,2,23
2017-01-12 00:00:00,15,37,1484179200.0,3,True,False,False,2,0
2017-01-12 01:00:00,8,28,1484182800.0,3,True,False,False,2,1
2017-01-12 02:00:00,6,23,1484186400.0,3,True,False,False,2,2
2017-01-12 03:00:00,13,30,1484190000.0,3,True,False,False,2,3
2017-01-12 04:00:00,8,21,1484193600.0,3,True,False,False,2,4
2017-01-12 05:00:00,29,35,1484197200.0,3,True,False,False,2,5
2017-01-12 06:00:00,89,121,1484200800.0,3,True,False,False,2,6
2017-01-12 07:00:00,167,205,1484204400.0,3,True,False,False,2,7
2017-01-12 08:00:00,151,183,1484208000.0,3,True,False,False,2,8
2017-01-12 09:00:00,88,107,1484211600.0,3,True,False,False,2,9
2017-01-12 10:00:00,108,134,1484215200.0,3,True,False,False,2,10
2017-01-12 11:00:00,114,137,1484218800.0,3,True,False,False,2,11
2017-01-12 12:00:00,134,158,1484222400.0,3,True,False,False,2,12
2017-01-12 13:00:00,119,135,1484226000.0,3,True,False,False,2,13
2017-01-12 14:00:00,133,151,1484229600.0,3,True,False,False,2,14
2017-01-12 15:00:00,120,147,1484233200.0,3,True,False,False,2,15
2017-01-12 16:00:00,161,195,1484236800.0,3,True,False,False,2,16
2017-01-12 17:00:00,174,203,1484240400.0,3,True,False,False,2,17
2017-01-12 18:00:00,151,186,1484244000.0,3,True,False,False,2,18
2017-01-12 19:00:00,125,148,1484247600.0,3,True,False,False,2,19
2017-01-12 20:00:00,82,101,1484251200.0,3,True,False,False,2,20
2017-01-12 21:00:00,72,112,1484254800.0,3,True,False,False,2,21
2017-01-12 22:00:00,86,120,1484258400.0,3,True,False,False,2,22
2017-01-12 23:00:00,53,82,1484262000.0,3,True,False,False,2,23
2017-01-13 00:00:00,10,31,1484265600.0,4,True,False,False,2,0
2017-01-13 01:00:00,0,0,1484269200.0,4,True,False,False,2,1
2017-01-13 02:00:00,0,0,1484272800.0,4,True,False,False,2,2
2017-01-13 03:00:00,0,0,1484276400.0,4,True,False,False,2,3
2017-01-13 04:00:00,0,0,1484280000.0,4,True,False,False,2,4
2017-01-13 05:00:00,0,0,1484283600.0,4,True,False,False,2,5
2017-01-13 06:00:00,0,0,1484287200.0,4,True,False,False,2,6
2017-01-13 07:00:00,0,0,1484290800.0,4,True,False,False,2,7
2017-01-13 08:00:00,0,0,1484294400.0,4,True,False,False,2,8
2017-01-13 09:00:00,0,0,1484298000.0,4,True,False,False,2,9
2017-01-13 10:00:00,0,0,1484301600.0,4,True,False,False,2,10
2017-01-13 11:00:00,0,0,1484305200.0,4,True,False,False,2,11
2017-01-13 12:00:00,0,0,1484308800.0,4,True,False,False,2,12
2017-01-13 13:00:00,0,0,1484312400.0,4,True,False,False,2,13
2017-01-13 14:00:00,0,0,1484316000.0,4,True,False,False,2,14
2017-01-13 15:00:00,0,0,1484319600.0,4,True,False,False,2,15
2017-01-13 16:00:00,0,0,1484323200.0,4,True,False,False,2,16
2017-01-13 17:00:00,0,0,1484326800.0,4,True,False,False,2,17
2017-01-13 18:00:00,0,0,1484330400.0,4,True,False,False,2,18
2017-01-13 19:00:00,0,0,1484334000.0,4,True,False,False,2,19
2017-01-13 20:00:00,0,0,1484337600.0,4,True,False,False,2,20
2017-01-13 21:00:00,62,75,1484341200.0,4,True,False,False,2,21
2017-01-13 22:00:00,101,108,1484344800.0,4,True,False,False,2,22
2017-01-13 23:00:00,89,111,1484348400.0,4,True,False,False,2,23
2017-01-14 00:00:00,66,79,1484352000.0,5,False,True,False,2,0
2017-01-14 01:00:00,36,47,1484355600.0,5,False,True,False,2,1
2017-01-14 02:00:00,20,24,1484359200.0,5,False,True,False,2,2
2017-01-14 03:00:00,15,24,1484362800.0,5,False,True,False,2,3
2017-01-14 04:00:00,20,21,1484366400.0,5,False,True,False,2,4
2017-01-14 05:00:00,25,26,1484370000.0,5,False,True,False,2,5
2017-01-14 06:00:00,38,42,1484373600.0,5,False,True,False,2,6
2017-01-14 07:00:00,73,83,1484377200.0,5,False,True,False,2,7
2017-01-14 08:00:00,94,115,1484380800.0,5,False,True,False,2,8
2017-01-14 09:00:00,111,136,1484384400.0,5,False,True,False,2,9
2017-01-14 10:00:00,100,118,1484388000.0,5,False,True,False,2,10
2017-01-14 11:00:00,118,130,1484391600.0,5,False,True,False,2,11
2017-01-14 12:00:00,107,118,1484395200.0,5,False,True,False,2,12
2017-01-14 13:00:00,104,116,1484398800.0,5,False,True,False,2,13
2017-01-14 14:00:00,113,127,1484402400.0,5,False,True,False,2,14
2017-01-14 15:00:00,97,103,1484406000.0,5,False,True,False,2,15
2017-01-14 16:00:00,96,108,1484409600.0,5,False,True,False,2,16
2017-01-14 17:00:00,123,146,1484413200.0,5,False,True,False,2,17
2017-01-14 18:00:00,121,147,1484416800.0,5,False,True,False,2,18
2017-01-14 19:00:00,134,155,1484420400.0,5,False,True,False,2,19
2017-01-14 20:00:00,94,119,1484424000.0,5,False,True,False,2,20
2017-01-14 21:00:00,90,98,1484427600.0,5,False,True,False,2,21
2017-01-14 22:00:00,88,102,1484431200.0,5,False,True,False,2,22
2017-01-14 23:00:00,93,113,1484434800.0,5,False,True,False,2,23
2017-01-15 00:00:00,68,81,1484438400.0,6,False,True,False,2,0
2017-01-15 01:00:00,43,53,1484442000.0,6,False,True,False,2,1
2017-01-15 02:00:00,26,36,1484445600.0,6,False,True,False,2,2
2017-01-15 03:00:00,19,27,1484449200.0,6,False,True,False,2,3
2017-01-15 04:00:00,22,24,1484452800.0,6,False,True,False,2,4
2017-01-15 05:00:00,16,17,1484456400.0,6,False,True,False,2,5
2017-01-15 06:00:00,21,26,1484460000.0,6,False,True,False,2,6
2017-01-15 07:00:00,35,35,1484463600.0,6,False,True,False,2,7
2017-01-15 08:00:00,48,52,1484467200.0,6,False,True,False,2,8
2017-01-15 09:00:00,52,62,1484470800.0,6,False,True,False,2,9
2017-01-15 10:00:00,50,59,1484474400.0,6,False,True,False,2,10
2017-01-15 11:00:00,90,100,1484478000.0,6,False,True,False,2,11
2017-01-15 12:00:00,76,86,1484481600.0,6,False,True,False,2,12
2017-01-15 13:00:00,95,108,1484485200.0,6,False,True,False,2,13
2017-01-15 14:00:00,87,98,1484488800.0,6,False,True,False,2,14
2017-01-15 15:00:00,75,85,1484492400.0,6,False,True,False,2,15
2017-01-15 16:00:00,97,116,1484496000.0,6,False,True,False,2,16
2017-01-15 17:00:00,94,111,1484499600.0,6,False,True,False,2,17
2017-01-15 18:00:00,99,127,1484503200.0,6,False,True,False,2,18
2017-01-15 19:00:00,85,98,1484506800.0,6,False,True,False,2,19
2017-01-15 20:00:00,62,72,1484510400.0,6,False,True,False,2,20
2017-01-15 21:00:00,74,85,1484514000.0,6,False,True,False,2,21
2017-01-15 22:00:00,67,81,1484517600.0,6,False,True,False,2,22
2017-01-15 23:00:00,42,49,1484521200.0,6,False,True,False,2,23
2017-01-16 00:00:00,15,17,1484524800.0,0,True,False,False,3,0
2017-01-16 01:00:00,8,9,1484528400.0,0,True,False,False,3,1
2017-01-16 02:00:00,7,7,1484532000.0,0,True,False,False,3,2
2017-01-16 03:00:00,8,9,1484535600.0,0,True,False,False,3,3
2017-01-16 04:00:00,22,26,1484539200.0,0,True,False,False,3,4
2017-01-16 05:00:00,36,52,1484542800.0,0,True,False,False,3,5
2017-01-16 06:00:00,88,114,1484546400.0,0,True,False,False,3,6
2017-01-16 07:00:00,180,219,1484550000.0,0,True,False,False,3,7
2017-01-16 08:00:00,121,147,1484553600.0,0,True,False,False,3,8
2017-01-16 09:00:00,102,119,1484557200.0,0,True,False,False,3,9
2017-01-16 10:00:00,114,131,1484560800.0,0,True,False,False,3,10
2017-01-16 11:00:00,121,145,1484564400.0,0,True,False,False,3,11
2017-01-16 12:00:00,116,136,1484568000.0,0,True,False,False,3,12
2017-01-16 13:00:00,130,150,1484571600.0,0,True,False,False,3,13
2017-01-16 14:00:00,141,170,1484575200.0,0,True,False,False,3,14
2017-01-16 15:00:00,126,153,1484578800.0,0,True,False,False,3,15
2017-01-16 16:00:00,166,192,1484582400.0,0,True,False,False,3,16
2017-01-16 17:00:00,162,201,1484586000.0,0,True,False,False,3,17
2017-01-16 18:00:00,142,166,1484589600.0,0,True,False,False,3,18
2017-01-16 19:00:00,136,160,1484593200.0,0,True,False,False,3,19
2017-01-16 20:00:00,89,100,1484596800.0,0,True,False,False,3,20
2017-01-16 21:00:00,99,119,1484600400.0,0,True,False,False,3,21
2017-01-16 22:00:00,76,215,1484604000.0,0,True,False,False,3,22
2017-01-16 23:00:00,43,52,1484607600.0,0,True,False,False,3,23
2017-01-17 00:00:00,28,34,1484611200.0,1,True,False,False,3,0
2017-01-17 01:00:00,6,10,1484614800.0,1,True,False,False,3,1
2017-01-17 02:00:00,4,4,1484618400.0,1,True,False,False,3,2
2017-01-17 03:00:00,6,7,1484622000.0,1,True,False,False,3,3
2017-01-17 04:00:00,17,22,1484625600.0,1,True,False,False,3,4
2017-01-17 05:00:00,43,50,1484629200.0,1,True,False,False,3,5
2017-01-17 06:00:00,90,106,1484632800.0,1,True,False,False,3,6
2017-01-17 07:00:00,180,227,1484636400.0,1,True,False,False,3,7
2017-01-17 08:00:00,136,169,1484640000.0,1,True,False,False,3,8
2017-01-17 09:00:00,107,124,1484643600.0,1,True,False,False,3,9
2017-01-17 10:00:00,112,142,1484647200.0,1,True,False,False,3,10
2017-01-17 11:00:00,135,144,1484650800.0,1,True,False,False,3,11
2017-01-17 12:00:00,124,149,1484654400.0,1,True,False,False,3,12
2017-01-17 13:00:00,135,159,1484658000.0,1,True,False,False,3,13
2017-01-17 14:00:00,138,156,1484661600.0,1,True,False,False,3,14
2017-01-17 15:00:00,117,139,1484665200.0,1,True,False,False,3,15
2017-01-17 16:00:00,147,182,1484668800.0,1,True,False,False,3,16
2017-01-17 17:00:00,177,214,1484672400.0,1,True,False,False,3,17
2017-01-17 18:00:00,136,160,1484676000.0,1,True,False,False,3,18
2017-01-17 19:00:00,113,129,1484679600.0,1,True,False,False,3,19
2017-01-17 20:00:00,85,97,1484683200.0,1,True,False,False,3,20
2017-01-17 21:00:00,86,102,1484686800.0,1,True,False,False,3,21
2017-01-17 22:00:00,80,95,1484690400.0,1,True,False,False,3,22
2017-01-17 23:00:00,52,61,1484694000.0,1,True,False,False,3,23
2017-01-18 00:00:00,21,28,1484697600.0,2,True,False,False,3,0
2017-01-18 01:00:00,12,13,1484701200.0,2,True,False,False,3,1
2017-01-18 02:00:00,5,7,1484704800.0,2,True,False,False,3,2
2017-01-18 03:00:00,6,9,1484708400.0,2,True,False,False,3,3
2017-01-18 04:00:00,11,12,1484712000.0,2,True,False,False,3,4
2017-01-18 05:00:00,37,43,1484715600.0,2,True,False,False,3,5
2017-01-18 06:00:00,95,111,1484719200.0,2,True,False,False,3,6
2017-01-18 07:00:00,185,234,1484722800.0,2,True,False,False,3,7
2017-01-18 08:00:00,154,192,1484726400.0,2,True,False,False,3,8
2017-01-18 09:00:00,110,130,1484730000.0,2,True,False,False,3,9
2017-01-18 10:00:00,103,117,1484733600.0,2,True,False,False,3,10
2017-01-18 11:00:00,124,149,1484737200.0,2,True,False,False,3,11
2017-01-18 12:00:00,130,148,1484740800.0,2,True,False,False,3,12
2017-01-18 13:00:00,101,116,1484744400.0,2,True,False,False,3,13
2017-01-18 14:00:00,142,165,1484748000.0,2,True,False,False,3,14
2017-01-18 15:00:00,122,142,1484751600.0,2,True,False,False,3,15
2017-01-18 16:00:00,160,191,1484755200.0,2,True,False,False,3,16
2017-01-18 17:00:00,173,213,1484758800.0,2,True,False,False,3,17
2017-01-18 18:00:00,164,194,1484762400.0,2,True,False,False,3,18
2017-01-18 19:00:00,134,155,1484766000.0,2,True,False,False,3,19
2017-01-18 20:00:00,109,123,1484769600.0,2,True,False,False,3,20
2017-01-18 21:00:00,85,104,1484773200.0,2,True,False,False,3,21
2017-01-18 22:00:00,71,85,1484776800.0,2,True,False,False,3,22
2017-01-18 23:00:00,52,56,1484780400.0,2,True,False,False,3,23
2017-01-19 00:00:00,14,22,1484784000.0,3,True,False,False,3,0
2017-01-19 01:00:00,11,11,1484787600.0,3,True,False,False,3,1
2017-01-19 02:00:00,7,8,1484791200.0,3,True,False,False,3,2
2017-01-19 03:00:00,10,10,1484794800.0,3,True,False,False,3,3
2017-01-19 04:00:00,13,14,1484798400.0,3,True,False,False,3,4
2017-01-19 05:00:00,37,45,1484802000.0,3,True,False,False,3,5
2017-01-19 06:00:00,67,87,1484805600.0,3,True,False,False,3,6
2017-01-19 07:00:00,200,254,1484809200.0,3,True,False,False,3,7
2017-01-19 08:00:00,160,186,1484812800.0,3,True,False,False,3,8
2017-01-19 09:00:00,117,136,1484816400.0,3,True,False,False,3,9
2017-01-19 10:00:00,114,136,1484820000.0,3,True,False,False,3,10
2017-01-19 11:00:00,110,140,1484823600.0,3,True,False,False,3,11
2017-01-19 12:00:00,140,169,1484827200.0,3,True,False,False,3,12
2017-01-19 13:00:00,148,262,1484830800.0,3,True,False,False,3,13
2017-01-19 14:00:00,131,152,1484834400.0,3,True,False,False,3,14
2017-01-19 15:00:00,118,133,1484838000.0,3,True,False,False,3,15
2017-01-19 16:00:00,156,180,1484841600.0,3,True,False,False,3,16
2017-01-19 17:00:00,185,215,1484845200.0,3,True,False,False,3,17
2017-01-19 18:00:00,175,201,1484848800.0,3,True,False,False,3,18
2017-01-19 19:00:00,134,152,1484852400.0,3,True,False,False,3,19
2017-01-19 20:00:00,117,134,1484856000.0,3,True,False,False,3,20
2017-01-19 21:00:00,82,99,1484859600.0,3,True,False,False,3,21
2017-01-19 22:00:00,87,104,1484863200.0,3,True,False,False,3,22
2017-01-19 23:00:00,58,65,1484866800.0,3,True,False,False,3,23
2017-01-20 00:00:00,24,29,1484870400.0,4,True,False,False,3,0
2017-01-20 01:00:00,22,26,1484874000.0,4,True,False,False,3,1
2017-01-20 02:00:00,8,11,1484877600.0,4,True,False,False,3,2
2017-01-20 03:00:00,12,14,1484881200.0,4,True,False,False,3,3
2017-01-20 04:00:00,14,17,1484884800.0,4,True,False,False,3,4
2017-01-20 05:00:00,32,38,1484888400.0,4,True,False,False,3,5
2017-01-20 06:00:00,98,119,1484892000.0,4,True,False,False,3,6
2017-01-20 07:00:00,210,258,1484895600.0,4,True,False,False,3,7
2017-01-20 08:00:00,167,199,1484899200.0,4,True,False,False,3,8
2017-01-20 09:00:00,99,119,1484902800.0,4,True,False,False,3,9
2017-01-20 10:00:00,109,128,1484906400.0,4,True,False,False,3,10
2017-01-20 11:00:00,143,164,1484910000.0,4,True,False,False,3,11
2017-01-20 12:00:00,116,138,1484913600.0,4,True,False,False,3,12
2017-01-20 13:00:00,152,173,1484917200.0,4,True,False,False,3,13
2017-01-20 14:00:00,128,146,1484920800.0,4,True,False,False,3,14
2017-01-20 15:00:00,146,169,1484924400.0,4,True,False,False,3,15
2017-01-20 16:00:00,163,193,1484928000.0,4,True,False,False,3,16
2017-01-20 17:00:00,169,205,1484931600.0,4,True,False,False,3,17
2017-01-20 18:00:00,162,197,1484935200.0,4,True,False,False,3,18
2017-01-20 19:00:00,163,191,1484938800.0,4,True,False,False,3,19
2017-01-20 20:00:00,111,137,1484942400.0,4,True,False,False,3,20
2017-01-20 21:00:00,112,130,1484946000.0,4,True,False,False,3,21
2017-01-20 22:00:00,98,111,1484949600.0,4,True,False,False,3,22
2017-01-20 23:00:00,82,101,1484953200.0,4,True,False,False,3,23
2017-01-21 00:00:00,65,77,1484956800.0,5,False,True,False,3,0
2017-01-21 01:00:00,36,43,1484960400.0,5,False,True,False,3,1
2017-01-21 02:00:00,33,42,1484964000.0,5,False,True,False,3,2
2017-01-21 03:00:00,23,24,1484967600.0,5,False,True,False,3,3
2017-01-21 04:00:00,19,23,1484971200.0,5,False,True,False,3,4
2017-01-21 05:00:00,25,28,1484974800.0,5,False,True,False,3,5
2017-01-21 06:00:00,30,31,1484978400.0,5,False,True,False,3,6
2017-01-21 07:00:00,72,85,1484982000.0,5,False,True,False,3,7
2017-01-21 08:00:00,95,110,1484985600.0,5,False,True,False,3,8
2017-01-21 09:00:00,91,106,1484989200.0,5,False,True,False,3,9
2017-01-21 10:00:00,111,124,1484992800.0,5,False,True,False,3,10
2017-01-21 11:00:00,122,146,1484996400.0,5,False,True,False,3,11
2017-01-21 12:00:00,102,125,1485000000.0,5,False,True,False,3,12
2017-01-21 13:00:00,120,141,1485003600.0,5,False,True,False,3,13
2017-01-21 14:00:00,98,110,1485007200.0,5,False,True,False,3,14
2017-01-21 15:00:00,89,108,1485010800.0,5,False,True,False,3,15
2017-01-21 16:00:00,113,128,1485014400.0,5,False,True,False,3,16
2017-01-21 17:00:00,110,125,1485018000.0,5,False,True,False,3,17
2017-01-21 18:00:00,127,142,1485021600.0,5,False,True,False,3,18
2017-01-21 19:00:00,118,136,1485025200.0,5,False,True,False,3,19
2017-01-21 20:00:00,78,94,1485028800.0,5,False,True,False,3,20
2017-01-21 21:00:00,85,98,1485032400.0,5,False,True,False,3,21
2017-01-21 22:00:00,87,103,1485036000.0,5,False,True,False,3,22
2017-01-21 23:00:00,83,104,1485039600.0,5,False,True,False,3,23
2017-01-22 00:00:00,84,100,1485043200.0,6,False,True,False,3,0
2017-01-22 01:00:00,49,57,1485046800.0,6,False,True,False,3,1
2017-01-22 02:00:00,32,37,1485050400.0,6,False,True,False,3,2
2017-01-22 03:00:00,12,20,1485054000.0,6,False,True,False,3,3
2017-01-22 04:00:00,14,19,1485057600.0,6,False,True,False,3,4
2017-01-22 05:00:00,16,19,1485061200.0,6,False,True,False,3,5
2017-01-22 06:00:00,31,35,1485064800.0,6,False,True,False,3,6
2017-01-22 07:00:00,38,49,1485068400.0,6,False,True,False,3,7
2017-01-22 08:00:00,45,53,1485072000.0,6,False,True,False,3,8
2017-01-22 09:00:00,44,54,1485075600.0,6,False,True,False,3,9
2017-01-22 10:00:00,72,86,1485079200.0,6,False,True,False,3,10
2017-01-22 11:00:00,72,80,1485082800.0,6,False,True,False,3,11
2017-01-22 12:00:00,50,60,1485086400.0,6,False,True,False,3,12
2017-01-22 13:00:00,70,91,1485090000.0,6,False,True,False,3,13
2017-01-22 14:00:00,84,109,1485093600.0,6,False,True,False,3,14
2017-01-22 15:00:00,85,98,1485097200.0,6,False,True,False,3,15
2017-01-22 16:00:00,96,118,1485100800.0,6,False,True,False,3,16
2017-01-22 17:00:00,80,93,1485104400.0,6,False,True,False,3,17
2017-01-22 18:00:00,105,120,1485108000.0,6,False,True,False,3,18
2017-01-22 19:00:00,84,99,1485111600.0,6,False,True,False,3,19
2017-01-22 20:00:00,67,82,1485115200.0,6,False,True,False,3,20
2017-01-22 21:00:00,79,93,1485118800.0,6,False,True,False,3,21
2017-01-22 22:00:00,61,71,1485122400.0,6,False,True,False,3,22
2017-01-22 23:00:00,44,55,1485126000.0,6,False,True,False,3,23
2017-01-23 00:00:00,19,21,1485129600.0,0,True,False,False,4,0
2017-01-23 01:00:00,6,7,1485133200.0,0,True,False,False,4,1
2017-01-23 02:00:00,6,7,1485136800.0,0,True,False,False,4,2
2017-01-23 03:00:00,6,11,1485140400.0,0,True,False,False,4,3
2017-01-23 04:00:00,17,20,1485144000.0,0,True,False,False,4,4
2017-01-23 05:00:00,42,51,1485147600.0,0,True,False,False,4,5
2017-01-23 06:00:00,94,117,1485151200.0,0,True,False,False,4,6
2017-01-23 07:00:00,166,208,1485154800.0,0,True,False,False,4,7
2017-01-23 08:00:00,161,205,1485158400.0,0,True,False,False,4,8
2017-01-23 09:00:00,138,166,1485162000.0,0,True,False,False,4,9
2017-01-23 10:00:00,111,139,1485165600.0,0,True,False,False,4,10
2017-01-23 11:00:00,132,152,1485169200.0,0,True,False,False,4,11
2017-01-23 12:00:00,115,134,1485172800.0,0,True,False,False,4,12
2017-01-23 13:00:00,119,138,1485176400.0,0,True,False,False,4,13
2017-01-23 14:00:00,142,158,1485180000.0,0,True,False,False,4,14
2017-01-23 15:00:00,171,202,1485183600.0,0,True,False,False,4,15
2017-01-23 16:00:00,197,235,1485187200.0,0,True,False,False,4,16
2017-01-23 17:00:00,198,239,1485190800.0,0,True,False,False,4,17
2017-01-23 18:00:00,185,213,1485194400.0,0,True,False,False,4,18
2017-01-23 19:00:00,160,185,1485198000.0,0,True,False,False,4,19
2017-01-23 20:00:00,125,146,1485201600.0,0,True,False,False,4,20
2017-01-23 21:00:00,87,98,1485205200.0,0,True,False,False,4,21
2017-01-23 22:00:00,67,83,1485208800.0,0,True,False,False,4,22
2017-01-23 23:00:00,60,67,1485212400.0,0,True,False,False,4,23
2017-01-24 00:00:00,14,16,1485216000.0,1,True,False,False,4,0
2017-01-24 01:00:00,6,8,1485219600.0,1,True,False,False,4,1
2017-01-24 02:00:00,6,6,1485223200.0,1,True,False,False,4,2
2017-01-24 03:00:00,5,8,1485226800.0,1,True,False,False,4,3
2017-01-24 04:00:00,14,15,1485230400.0,1,True,False,False,4,4
2017-01-24 05:00:00,39,47,1485234000.0,1,True,False,False,4,5
2017-01-24 06:00:00,92,121,1485237600.0,1,True,False,False,4,6
2017-01-24 07:00:00,179,221,1485241200.0,1,True,False,False,4,7
2017-01-24 08:00:00,151,179,1485244800.0,1,True,False,False,4,8
2017-01-24 09:00:00,99,111,1485248400.0,1,True,False,False,4,9
2017-01-24 10:00:00,105,115,1485252000.0,1,True,False,False,4,10
2017-01-24 11:00:00,73,132,1485255600.0,1,True,False,False,4,11
2017-01-24 12:00:00,0,0,1485259200.0,1,True,False,False,4,12
2017-01-24 13:00:00,0,0,1485262800.0,1,True,False,False,4,13
2017-01-24 14:00:00,0,0,1485266400.0,1,True,False,False,4,14
2017-01-24 15:00:00,0,0,1485270000.0,1,True,False,False,4,15
2017-01-24 16:00:00,0,0,1485273600.0,1,True,False,False,4,16
2017-01-24 17:00:00,0,0,1485277200.0,1,True,False,False,4,17
2017-01-24 18:00:00,0,0,1485280800.0,1,True,False,False,4,18
2017-01-24 19:00:00,0,0,1485284400.0,1,True,False,False,4,19
2017-01-24 20:00:00,0,0,1485288000.0,1,True,False,False,4,20
2017-01-24 21:00:00,0,0,1485291600.0,1,True,False,False,4,21
2017-01-24 22:00:00,0,0,1485295200.0,1,True,False,False,4,22
2017-01-24 23:00:00,0,0,1485298800.0,1,True,False,False,4,23
2017-01-25 00:00:00,0,0,1485302400.0,2,True,False,False,4,0
2017-01-25 01:00:00,0,0,1485306000.0,2,True,False,False,4,1
2017-01-25 02:00:00,0,0,1485309600.0,2,True,False,False,4,2
2017-01-25 03:00:00,0,0,1485313200.0,2,True,False,False,4,3
2017-01-25 04:00:00,0,0,1485316800.0,2,True,False,False,4,4
2017-01-25 05:00:00,0,0,1485320400.0,2,True,False,False,4,5
2017-01-25 06:00:00,0,0,1485324000.0,2,True,False,False,4,6
2017-01-25 07:00:00,0,0,1485327600.0,2,True,False,False,4,7
2017-01-25 08:00:00,0,0,1485331200.0,2,True,False,False,4,8
2017-01-25 09:00:00,0,0,1485334800.0,2,True,False,False,4,9
2017-01-25 10:00:00,71,87,1485338400.0,2,True,False,False,4,10
2017-01-25 11:00:00,129,141,1485342000.0,2,True,False,False,4,11
2017-01-25 12:00:00,99,116,1485345600.0,2,True,False,False,4,12
2017-01-25 13:00:00,147,167,1485349200.0,2,True,False,False,4,13
2017-01-25 14:00:00,120,139,1485352800.0,2,True,False,False,4,14
2017-01-25 15:00:00,120,139,1485356400.0,2,True,False,False,4,15
2017-01-25 16:00:00,141,181,1485360000.0,2,True,False,False,4,16
2017-01-25 17:00:00,128,158,1485363600.0,2,True,False,False,4,17
2017-01-25 18:00:00,160,194,1485367200.0,2,True,False,False,4,18
2017-01-25 19:00:00,129,150,1485370800.0,2,True,False,False,4,19
2017-01-25 20:00:00,68,82,1485374400.0,2,True,False,False,4,20
2017-01-25 21:00:00,86,99,1485378000.0,2,True,False,False,4,21
2017-01-25 22:00:00,104,121,1485381600.0,2,True,False,False,4,22
2017-01-25 23:00:00,52,63,1485385200.0,2,True,False,False,4,23
2017-01-26 00:00:00,23,28,1485388800.0,3,True,False,False,4,0
2017-01-26 01:00:00,9,10,1485392400.0,3,True,False,False,4,1
2017-01-26 02:00:00,4,5,1485396000.0,3,True,False,False,4,2
2017-01-26 03:00:00,12,14,1485399600.0,3,True,False,False,4,3
2017-01-26 04:00:00,14,15,1485403200.0,3,True,False,False,4,4
2017-01-26 05:00:00,33,40,1485406800.0,3,True,False,False,4,5
2017-01-26 06:00:00,94,116,1485410400.0,3,True,False,False,4,6
2017-01-26 07:00:00,159,188,1485414000.0,3,True,False,False,4,7
2017-01-26 08:00:00,165,183,1485417600.0,3,True,False,False,4,8
2017-01-26 09:00:00,124,138,1485421200.0,3,True,False,False,4,9
2017-01-26 10:00:00,100,124,1485424800.0,3,True,False,False,4,10
2017-01-26 11:00:00,122,139,1485428400.0,3,True,False,False,4,11
2017-01-26 12:00:00,138,155,1485432000.0,3,True,False,False,4,12
2017-01-26 13:00:00,139,156,1485435600.0,3,True,False,False,4,13
2017-01-26 14:00:00,127,144,1485439200.0,3,True,False,False,4,14
2017-01-26 15:00:00,129,149,1485442800.0,3,True,False,False,4,15
2017-01-26 16:00:00,156,188,1485446400.0,3,True,False,False,4,16
2017-01-26 17:00:00,193,223,1485450000.0,3,True,False,False,4,17
2017-01-26 18:00:00,156,182,1485453600.0,3,True,False,False,4,18
2017-01-26 19:00:00,133,157,1485457200.0,3,True,False,False,4,19
2017-01-26 20:00:00,84,104,1485460800.0,3,True,False,False,4,20
2017-01-26 21:00:00,92,107,1485464400.0,3,True,False,False,4,21
2017-01-26 22:00:00,75,87,1485468000.0,3,True,False,False,4,22
2017-01-26 23:00:00,48,60,1485471600.0,3,True,False,False,4,23
2017-01-27 00:00:00,25,33,1485475200.0,4,True,False,False,4,0
2017-01-27 01:00:00,15,17,1485478800.0,4,True,False,False,4,1
2017-01-27 02:00:00,6,8,1485482400.0,4,True,False,False,4,2
2017-01-27 03:00:00,9,12,1485486000.0,4,True,False,False,4,3
2017-01-27 04:00:00,16,20,1485489600.0,4,True,False,False,4,4
2017-01-27 05:00:00,29,39,1485493200.0,4,True,False,False,4,5
2017-01-27 06:00:00,89,114,1485496800.0,4,True,False,False,4,6
2017-01-27 07:00:00,196,238,1485500400.0,4,True,False,False,4,7
2017-01-27 08:00:00,132,162,1485504000.0,4,True,False,False,4,8
2017-01-27 09:00:00,102,120,1485507600.0,4,True,False,False,4,9
2017-01-27 10:00:00,94,115,1485511200.0,4,True,False,False,4,10
2017-01-27 11:00:00,144,161,1485514800.0,4,True,False,False,4,11
2017-01-27 12:00:00,156,176,1485518400.0,4,True,False,False,4,12
2017-01-27 13:00:00,157,184,1485522000.0,4,True,False,False,4,13
2017-01-27 14:00:00,142,159,1485525600.0,4,True,False,False,4,14
2017-01-27 15:00:00,140,168,1485529200.0,4,True,False,False,4,15
2017-01-27 16:00:00,158,180,1485532800.0,4,True,False,False,4,16
2017-01-27 17:00:00,160,187,1485536400.0,4,True,False,False,4,17
2017-01-27 18:00:00,160,182,1485540000.0,4,True,False,False,4,18
2017-01-27 19:00:00,148,170,1485543600.0,4,True,False,False,4,19
2017-01-27 20:00:00,123,139,1485547200.0,4,True,False,False,4,20
2017-01-27 21:00:00,96,111,1485550800.0,4,True,False,False,4,21
2017-01-27 22:00:00,107,131,1485554400.0,4,True,False,False,4,22
2017-01-27 23:00:00,100,120,1485558000.0,4,True,False,False,4,23
2017-01-28 00:00:00,69,87,1485561600.0,5,False,True,False,4,0
2017-01-28 01:00:00,26,35,1485565200.0,5,False,True,False,4,1
2017-01-28 02:00:00,19,27,1485568800.0,5,False,True,False,4,2
2017-01-28 03:00:00,20,23,1485572400.0,5,False,True,False,4,3
2017-01-28 04:00:00,15,17,1485576000.0,5,False,True,False,4,4
2017-01-28 05:00:00,31,37,1485579600.0,5,False,True,False,4,5
2017-01-28 06:00:00,31,36,1485583200.0,5,False,True,False,4,6
2017-01-28 07:00:00,72,87,1485586800.0,5,False,True,False,4,7
2017-01-28 08:00:00,81,92,1485590400.0,5,False,True,False,4,8
2017-01-28 09:00:00,78,86,1485594000.0,5,False,True,False,4,9
2017-01-28 10:00:00,80,90,1485597600.0,5,False,True,False,4,10
2017-01-28 11:00:00,102,114,1485601200.0,5,False,True,False,4,11
2017-01-28 12:00:00,106,119,1485604800.0,5,False,True,False,4,12
2017-01-28 13:00:00,96,105,1485608400.0,5,False,True,False,4,13
2017-01-28 14:00:00,103,121,1485612000.0,5,False,True,False,4,14
2017-01-28 15:00:00,97,117,1485615600.0,5,False,True,False,4,15
2017-01-28 16:00:00,99,120,1485619200.0,5,False,True,False,4,16
2017-01-28 17:00:00,113,137,1485622800.0,5,False,True,False,4,17
2017-01-28 18:00:00,100,116,1485626400.0,5,False,True,False,4,18
2017-01-28 19:00:00,132,153,1485630000.0,5,False,True,False,4,19
2017-01-28 20:00:00,70,84,1485633600.0,5,False,True,False,4,20
2017-01-28 21:00:00,85,94,1485637200.0,5,False,True,False,4,21
2017-01-28 22:00:00,98,123,1485640800.0,5,False,True,False,4,22
2017-01-28 23:00:00,87,106,1485644400.0,5,False,True,False,4,23
2017-01-29 00:00:00,64,79,1485648000.0,6,False,True,False,4,0
2017-01-29 01:00:00,41,50,1485651600.0,6,False,True,False,4,1
2017-01-29 02:00:00,23,30,1485655200.0,6,False,True,False,4,2
2017-01-29 03:00:00,17,23,1485658800.0,6,False,True,False,4,3
2017-01-29 04:00:00,16,21,1485662400.0,6,False,True,False,4,4
2017-01-29 05:00:00,22,23,1485666000.0,6,False,True,False,4,5
2017-01-29 06:00:00,22,25,1485669600.0,6,False,True,False,4,6
2017-01-29 07:00:00,36,39,1485673200.0,6,False,True,False,4,7
2017-01-29 08:00:00,47,54,1485676800.0,6,False,True,False,4,8
2017-01-29 09:00:00,57,66,1485680400.0,6,False,True,False,4,9
2017-01-29 10:00:00,56,67,1485684000.0,6,False,True,False,4,10
2017-01-29 11:00:00,79,87,1485687600.0,6,False,True,False,4,11
2017-01-29 12:00:00,60,71,1485691200.0,6,False,True,False,4,12
2017-01-29 13:00:00,91,101,1485694800.0,6,False,True,False,4,13
2017-01-29 14:00:00,81,92,1485698400.0,6,False,True,False,4,14
2017-01-29 15:00:00,64,80,1485702000.0,6,False,True,False,4,15
2017-01-29 16:00:00,102,112,1485705600.0,6,False,True,False,4,16
2017-01-29 17:00:00,97,102,1485709200.0,6,False,True,False,4,17
2017-01-29 18:00:00,92,103,1485712800.0,6,False,True,False,4,18
2017-01-29 19:00:00,78,91,1485716400.0,6,False,True,False,4,19
2017-01-29 20:00:00,71,85,1485720000.0,6,False,True,False,4,20
2017-01-29 21:00:00,82,100,1485723600.0,6,False,True,False,4,21
2017-01-29 22:00:00,70,84,1485727200.0,6,False,True,False,4,22
2017-01-29 23:00:00,36,43,1485730800.0,6,False,True,False,4,23
2017-01-30 00:00:00,15,17,1485734400.0,0,True,False,False,5,0
2017-01-30 01:00:00,9,10,1485738000.0,0,True,False,False,5,1
2017-01-30 02:00:00,7,9,1485741600.0,0,True,False,False,5,2
2017-01-30 03:00:00,13,17,1485745200.0,0,True,False,False,5,3
2017-01-30 04:00:00,16,18,1485748800.0,0,True,False,False,5,4
2017-01-30 05:00:00,26,33,1485752400.0,0,True,False,False,5,5
2017-01-30 06:00:00,98,121,1485756000.0,0,True,False,False,5,6
2017-01-30 07:00:00,173,214,1485759600.0,0,True,False,False,5,7
2017-01-30 08:00:00,132,148,1485763200.0,0,True,False,False,5,8
2017-01-30 09:00:00,109,123,1485766800.0,0,True,False,False,5,9
2017-01-30 10:00:00,88,108,1485770400.0,0,True,False,False,5,10
2017-01-30 11:00:00,111,135,1485774000.0,0,True,False,False,5,11
2017-01-30 12:00:00,122,140,1485777600.0,0,True,False,False,5,12
2017-01-30 13:00:00,10,11,1485781200.0,0,True,False,False,5,13
